func	cpp_callees	cj_callees	missing_calls	extra_calls	unmapped	missing_count	extra_count	score	cpp_indirect_calls	cj_indirect_calls	body_identical
_CN12cjcj:codegen12CHIRSplitter23SaveSubCHIRPackagesInfoHv	_CN11cjcj:option13GlobalOptions16NeedDumpIRToFileHv;_CN11cjcj:option13GlobalOptions32GenerateCachedPathNameForCodeGenHRNat6StringEY3_;_CN12cjcj:codegen12CGPkgContext16GetGlobalOptionsHv*3;_CN12cjcj:codegen12CGPkgContext17GetCurrentPkgNameHv*2;_CN12cjcj:codegen16LLVMModuleHandle5closeHv*2;_CN12cjcj:codegen16LLVMModuleHandle6CreateHRNat6StringECNY_17LLVMContextHandleE;_CN12cjcj:codegen16LLVMModuleHandle8isClosedHv*2;_CN12cjcj:codegen17LLVMContextHandle5closeHv*2;_CN12cjcj:codegen17LLVMContextHandle6CreateHv;_CN12cjcj:codegen17LLVMContextHandle8isClosedHv*2;_CN12cjcj:codegen17LLVMCreateMDTupleHCNY_17LLVMContextHandleECNac9ArrayListIPuE*7;_CN12cjcj:codegen17LLVMCreateMDTupleHCNY_17LLVMContextHandleEPu;_CN12cjcj:codegen18LLVMCreateMDStringHCNY_17LLVMContextHandleERNat6StringE*7;_CN12cjcj:codegen20CreateUInt32MetadataHCNY_17LLVMContextHandleEm*8;_CN12cjcj:codegen27LLVMAddNamedMetadataOperandHCNY_16LLVMModuleHandleERNat6StringEPu*8;_CN12cjcj:codegen28LLVMGetOrInsertNamedMetadataHCNY_16LLVMModuleHandleERNat6StringE*8;_CN12cjcj:codegenUCHIRSplitter$17SaveToBitcodeFileHCNY0_16LLVMModuleHandleERNat6StringE;_CN12cjcj:codegenUCHIRSplitter$6DumpIRHCNY0_16LLVMModuleHandleERNat6StringE;_CNac15HashMapIteratorIG_G0_E4nextHv*7;_CNac7HashMapIG_G0_E8iteratorHv*7;_CNac9ArrayListIG_E3addHG_*21;_CNac9ArrayListIG_E6<init>Hv*14;_CNac9ArrayListIG_E8iteratorHv*7;_CNaw4sortIG_HCNac9ArrayListIG_EF0NNat8OrderingEG_G_Ebb*7;_CPIaw4sortIG_HCNac9ArrayListIG_EF0NNat8OrderingEG_G_EbbE10descendingIG0_HCNacY5_IG0_EF0Y7_G0_G0_Eb*7;llvm.cj.alloca.generic*35;llvm.cj.gcread.ref*19;llvm.cj.gcread.struct.i64*14;llvm.cj.gcwrite.struct.p0i8.i64*7;llvm.cj.get.exception.wrapper*9;llvm.cj.get.method.outertype*7;llvm.cj.get.vtable.func*7;llvm.cj.is.subtype*6;llvm.cj.malloc.object*28;llvm.cj.memset.p0i8*52;llvm.cj.post.throw.exception*9;llvm.cj.throw.exception*37;llvm.memcpy.p0i8.p0i8.i64*35;rt$CreateOverflowException_msg*16	_CN11cjcj:option13GlobalOptions16NeedDumpIRToFileHv;_CN11cjcj:option13GlobalOptions32GenerateCachedPathNameForCodeGenHRNat6StringEY3_;_CN12cjcj:codegen12CGPkgContext16GetGlobalOptionsHv*3;_CN12cjcj:codegen12CGPkgContext17GetCurrentPkgNameHv*2;_CN12cjcj:codegen16LLVMModuleHandle5closeHv*16;_CN12cjcj:codegen16LLVMModuleHandle6CreateHRNat6StringECNY_17LLVMContextHandleE;_CN12cjcj:codegen16LLVMModuleHandle8isClosedHv*16;_CN12cjcj:codegen17LLVMContextHandle5closeHv*16;_CN12cjcj:codegen17LLVMContextHandle6CreateHv;_CN12cjcj:codegen17LLVMContextHandle8isClosedHv*16;_CN12cjcj:codegen17LLVMCreateMDTupleHCNY_17LLVMContextHandleECNac9ArrayListIPuE*7;_CN12cjcj:codegen17LLVMCreateMDTupleHCNY_17LLVMContextHandleEPu;_CN12cjcj:codegen18LLVMCreateMDStringHCNY_17LLVMContextHandleERNat6StringE*7;_CN12cjcj:codegen20CreateUInt32MetadataHCNY_17LLVMContextHandleEm*8;_CN12cjcj:codegen27LLVMAddNamedMetadataOperandHCNY_16LLVMModuleHandleERNat6StringEPu*8;_CN12cjcj:codegen28LLVMGetOrInsertNamedMetadataHCNY_16LLVMModuleHandleERNat6StringE*8;_CN12cjcj:codegenUCHIRSplitter$17SaveToBitcodeFileHCNY0_16LLVMModuleHandleERNat6StringE;_CN12cjcj:codegenUCHIRSplitter$6DumpIRHCNY0_16LLVMModuleHandleERNat6StringE;_CNac15HashMapIteratorIG_G0_E4nextHv*7;_CNac7HashMapIG_G0_E8iteratorHv*7;_CNac9ArrayListIG_E3addHG_*21;_CNac9ArrayListIG_E6<init>Hv*14;_CNac9ArrayListIG_E8iteratorHv*7;_CNaw4sortIG_HCNac9ArrayListIG_EF0NNat8OrderingEG_G_Ebb*7;_CPIaw4sortIG_HCNac9ArrayListIG_EF0NNat8OrderingEG_G_EbbE10descendingIG0_HCNacY5_IG0_EF0Y7_G0_G0_Eb*7;llvm.cj.alloca.generic*35;llvm.cj.gcread.ref*19;llvm.cj.gcread.struct.i64*14;llvm.cj.gcwrite.struct.p0i8.i64*7;llvm.cj.get.exception.wrapper*37;llvm.cj.get.method.outertype*7;llvm.cj.get.vtable.func*7;llvm.cj.is.subtype*34;llvm.cj.malloc.object*28;llvm.cj.memset.p0i8*52;llvm.cj.post.throw.exception*37;llvm.cj.throw.exception*133;llvm.memcpy.p0i8.p0i8.i64*35	rt$CreateOverflowException_msg*16	_CN12cjcj:codegen16LLVMModuleHandle5closeHv*14;_CN12cjcj:codegen16LLVMModuleHandle8isClosedHv*14;_CN12cjcj:codegen17LLVMContextHandle5closeHv*14;_CN12cjcj:codegen17LLVMContextHandle8isClosedHv*14;llvm.cj.get.exception.wrapper*28;llvm.cj.is.subtype*28;llvm.cj.post.throw.exception*28;llvm.cj.throw.exception*96		16	236	252	7	7	0
_CN12cjcj:codegen12CHIRSplitter23LoadSubCHIRPackagesInfoHv	LLVMConstIntGetZExtValue;_CCN12cjcj:codegen12CHIRSplitter23LoadSubCHIRPackagesInfoHvEL_E$i*7;_CN10cjcj:utils10CJC_ASSERTHb*8;_CN10cjcj:utils8FileUtil9FileExistHRNat6StringEb;_CN11cjcj:option13GlobalOptions32GenerateCachedPathNameForCodeGenHRNat6StringEY3_;_CN12cjcj:codegen12CGPkgContext16GetGlobalOptionsHv;_CN12cjcj:codegen12CGPkgContext17GetCurrentPkgNameHv;_CN12cjcj:codegen12CGPkgContext18IsIncrementEnabledHv;_CN12cjcj:codegen15LLVMParseIRFileHCNY_17LLVMContextHandleERNat6StringEY4_;_CN12cjcj:codegen16LLVMModuleHandle5closeHv;_CN12cjcj:codegen17LLVMContextHandle5closeHv*2;_CN12cjcj:codegen17LLVMContextHandle6CreateHv;_CN12cjcj:codegen17LLVMContextHandle8isClosedHv*2;_CN12cjcj:codegen20LLVMGetNamedMetadataHCNY_16LLVMModuleHandleERNat6StringE*8;_CN12cjcj:codegen20LLVMParseBitcodeFileHCNY_17LLVMContextHandleERNat6StringEY4_;_CN12cjcj:codegen21LLVMGetMDNodeOperandsHPu;_CN12cjcj:codegen33LLVMGetNamedMetadataOperandValuesHCNY_16LLVMModuleHandleERNat6StringE*8;_CNac7HashMapIG_G0_EixHG_G0_*7;_CNac9ArrayListIG_E8iteratorHv*8;_CNac9ArrayListIG_EixHl;_CNat21IllegalStateException6<init>HRNat6StringE;_CNatXPG_6isNullHv*8;_CPI10cjcj:utils8FileUtil9FileExistHRNat6StringEbE13caseSensitiveHY3_;llvm.cj.alloca.generic*23;llvm.cj.gcread.ref*19;llvm.cj.gcread.struct.i64;llvm.cj.gcwrite.struct.p0i8.i64*7;llvm.cj.get.exception.wrapper*5;llvm.cj.get.method.outertype*8;llvm.cj.get.vtable.func*8;llvm.cj.is.subtype*3;llvm.cj.malloc.object*9;llvm.cj.memset.p0i8*17;llvm.cj.post.throw.exception*5;llvm.cj.throw.exception*13;llvm.memcpy.p0i8.p0i8.i64*7;llvm.memcpy.p0i8.p1i8.i64*8;llvm.memcpy.p1i8.p0i8.i64;rt$CreateOverflowException_msg	LLVMConstIntGetZExtValue;_CCN12cjcj:codegen12CHIRSplitter23LoadSubCHIRPackagesInfoHvEL_E$i*7;_CN10cjcj:utils10CJC_ASSERTHb*8;_CN10cjcj:utils8FileUtil9FileExistHRNat6StringEb;_CN11cjcj:option13GlobalOptions32GenerateCachedPathNameForCodeGenHRNat6StringEY3_;_CN12cjcj:codegen12CGPkgContext16GetGlobalOptionsHv;_CN12cjcj:codegen12CGPkgContext17GetCurrentPkgNameHv;_CN12cjcj:codegen12CGPkgContext18IsIncrementEnabledHv;_CN12cjcj:codegen15LLVMParseIRFileHCNY_17LLVMContextHandleERNat6StringEY4_;_CN12cjcj:codegen16LLVMModuleHandle5closeHv;_CN12cjcj:codegen17LLVMContextHandle5closeHv*10;_CN12cjcj:codegen17LLVMContextHandle6CreateHv;_CN12cjcj:codegen17LLVMContextHandle8isClosedHv*10;_CN12cjcj:codegen20LLVMGetNamedMetadataHCNY_16LLVMModuleHandleERNat6StringE*8;_CN12cjcj:codegen20LLVMParseBitcodeFileHCNY_17LLVMContextHandleERNat6StringEY4_;_CN12cjcj:codegen21LLVMGetMDNodeOperandsHPu;_CN12cjcj:codegen33LLVMGetNamedMetadataOperandValuesHCNY_16LLVMModuleHandleERNat6StringE*8;_CNac7HashMapIG_G0_EixHG_G0_*7;_CNac9ArrayListIG_E8iteratorHv*8;_CNac9ArrayListIG_EixHl;_CNat21IllegalStateException6<init>HRNat6StringE;_CNatXPG_6isNullHv*8;_CPI10cjcj:utils8FileUtil9FileExistHRNat6StringEbE13caseSensitiveHY3_;llvm.cj.alloca.generic*23;llvm.cj.gcread.ref*19;llvm.cj.gcread.struct.i64;llvm.cj.gcwrite.struct.p0i8.i64*7;llvm.cj.get.exception.wrapper*13;llvm.cj.get.method.outertype*8;llvm.cj.get.vtable.func*8;llvm.cj.is.subtype*11;llvm.cj.malloc.object*9;llvm.cj.memset.p0i8*17;llvm.cj.post.throw.exception*13;llvm.cj.throw.exception*44;llvm.memcpy.p0i8.p0i8.i64*7;llvm.memcpy.p0i8.p1i8.i64*8;llvm.memcpy.p1i8.p0i8.i64	rt$CreateOverflowException_msg	_CN12cjcj:codegen17LLVMContextHandle5closeHv*8;_CN12cjcj:codegen17LLVMContextHandle8isClosedHv*8;llvm.cj.get.exception.wrapper*8;llvm.cj.is.subtype*8;llvm.cj.post.throw.exception*8;llvm.cj.throw.exception*31		1	71	72	8	8	0
_CN12cjcj:codegen13LICMOptimizer34MoveLoopInvariant4GetMethodOuterTIHv	LLVMGetBasicBlockName;LLVMGetBasicBlockTerminator;LLVMGetFirstBasicBlock;LLVMGetNextBasicBlock;LLVMIsAInstruction;LLVMSelfhostBasicBlockGetUniqueSuccessor*2;LLVMSelfhostIsBranchInst;LLVMSelfhostLoopGetLoopPreheader;_CN10cjcj:utils10CJC_ASSERTHb*2;_CN12cjcj:codegen10CGFunction14GetRawFunctionHv;_CN12cjcj:codegen10IRBuilder219SetInsertCGFunctionHCNY_10CGFunctionE;_CN12cjcj:codegen10IRBuilder25closeHv*2;_CN12cjcj:codegen10IRBuilder26<init>HCNY_8CGModuleE;_CN12cjcj:codegen10IRBuilder28isClosedHv*2;_CN12cjcj:codegen13LICMOptimizer19GenCreateCacheLogicHCNY_10IRBuilder2EPuCNY_20VirtualCallInfo4LICME;_CN12cjcj:codegen13LICMOptimizer19GetMostOuterLoopForHPu;_CN12cjcj:codegen13LICMOptimizer24GenCheckAndUseCacheLogicHCNY_10IRBuilder2EPuPuCNY_20VirtualCallInfo4LICME;_CN12cjcj:codegen19LLVMCStringToStringHk;_CN12cjcj:codegen8CGModule12GetCGContextHv;_CN12cjcj:codegen9CGContext23GetVirtualCallInfo4LICMHCNY_10CGFunctionE;_CNac7HashSetIG_E3addHG_;_CNac7HashSetIG_E6<init>Hv;_CNac7HashSetIG_E8containsHG_;_CNac9ArrayListIG_E3addHG_;_CNac9ArrayListIG_E6<init>Hv;_CNac9ArrayListIG_E7isEmptyHv*2;_CNac9ArrayListIG_E8iteratorHv*2;_CNat6String10startsWithHRNatY0_E;_CNatXPG_12toUIntNativeHv*2;_CNatXPG_6isNullHv*7;llvm.cj.alloca.generic*4;llvm.cj.gcread.ref*7;llvm.cj.get.exception.wrapper*5;llvm.cj.get.method.outertype*2;llvm.cj.get.vtable.func*2;llvm.cj.is.subtype*3;llvm.cj.malloc.object*3;llvm.cj.memset.p0i8*4;llvm.cj.post.throw.exception*5;llvm.cj.throw.exception*11;llvm.memcpy.p0i8.p0i8.i64*4	LLVMGetBasicBlockName;LLVMGetBasicBlockTerminator;LLVMGetFirstBasicBlock;LLVMGetNextBasicBlock;LLVMIsAInstruction;LLVMSelfhostBasicBlockGetUniqueSuccessor*2;LLVMSelfhostIsBranchInst;LLVMSelfhostLoopGetLoopPreheader;_CN10cjcj:utils10CJC_ASSERTHb*2;_CN12cjcj:codegen10CGFunction14GetRawFunctionHv;_CN12cjcj:codegen10IRBuilder219SetInsertCGFunctionHCNY_10CGFunctionE;_CN12cjcj:codegen10IRBuilder25closeHv*6;_CN12cjcj:codegen10IRBuilder26<init>HCNY_8CGModuleE;_CN12cjcj:codegen10IRBuilder28isClosedHv*6;_CN12cjcj:codegen13LICMOptimizer19GenCreateCacheLogicHCNY_10IRBuilder2EPuCNY_20VirtualCallInfo4LICME;_CN12cjcj:codegen13LICMOptimizer19GetMostOuterLoopForHPu;_CN12cjcj:codegen13LICMOptimizer24GenCheckAndUseCacheLogicHCNY_10IRBuilder2EPuPuCNY_20VirtualCallInfo4LICME;_CN12cjcj:codegen19LLVMCStringToStringHk;_CN12cjcj:codegen8CGModule12GetCGContextHv;_CN12cjcj:codegen9CGContext23GetVirtualCallInfo4LICMHCNY_10CGFunctionE;_CNac7HashSetIG_E3addHG_;_CNac7HashSetIG_E6<init>Hv;_CNac7HashSetIG_E8containsHG_;_CNac9ArrayListIG_E3addHG_;_CNac9ArrayListIG_E6<init>Hv;_CNac9ArrayListIG_E7isEmptyHv*2;_CNac9ArrayListIG_E8iteratorHv*2;_CNat6String10startsWithHRNatY0_E;_CNatXPG_12toUIntNativeHv*2;_CNatXPG_6isNullHv*7;llvm.cj.alloca.generic*4;llvm.cj.gcread.ref*7;llvm.cj.get.exception.wrapper*9;llvm.cj.get.method.outertype*2;llvm.cj.get.vtable.func*2;llvm.cj.is.subtype*7;llvm.cj.malloc.object*3;llvm.cj.memset.p0i8*4;llvm.cj.post.throw.exception*9;llvm.cj.throw.exception*27;llvm.memcpy.p0i8.p0i8.i64*4		_CN12cjcj:codegen10IRBuilder25closeHv*4;_CN12cjcj:codegen10IRBuilder28isClosedHv*4;llvm.cj.get.exception.wrapper*4;llvm.cj.is.subtype*4;llvm.cj.post.throw.exception*4;llvm.cj.throw.exception*16		0	36	36	2	2	0
_CN12cjcj:codegenU0000000327yc015ReplaceFunctionHCNY0_8CGModuleE	LLVMGetNextInstruction;LLVMGlobalGetValueType;LLVMInstructionEraseFromParent;LLVMInt64TypeInContext;LLVMReplaceAllUsesWith;LLVMSelfhostBasicBlockGetFirstInsertionPoint;LLVMSelfhostCallBaseAddAttributeAtIndex;LLVMSelfhostCallBaseArgSize;LLVMSelfhostCallBaseGetArgOperand*2;LLVMSelfhostCallBaseGetStructRetAttr;LLVMSelfhostCallBaseHasStructRetAttr;LLVMSelfhostInstructionCopyMetadata;LLVMSelfhostInvokeGetNormalDest;LLVMSelfhostInvokeGetUnwindDest;LLVMSelfhostIsCallInst;LLVMSelfhostIsInvokeInst;_CN10cjcj:utils10CJC_ASSERTHb*2;_CN12cjcj:codegen10CGFunction18GetWrapperFunctionHv;_CN12cjcj:codegen10IRBuilder210CreateCallHPuPuCNac9ArrayListIPuERNat6StringE;_CN12cjcj:codegen10IRBuilder210CreateSExtHPuPuRNat6StringE;_CN12cjcj:codegen10IRBuilder212CreateInvokeHPuPuPuPuCNac9ArrayListIPuERNat6StringE;_CN12cjcj:codegen10IRBuilder212CreateMemCpyHPujPujPu*2;_CN12cjcj:codegen10IRBuilder213CallGCReadAggHPuCNac9ArrayListIPuE*2;_CN12cjcj:codegen10IRBuilder214CallGCWriteAggHPuCNac9ArrayListIPuE*3;_CN12cjcj:codegen10IRBuilder214CreateTypeInfoHCN9cjcj:chir4TypeE;_CN12cjcj:codegen10IRBuilder214GetInsertBlockHv;_CN12cjcj:codegen10IRBuilder214SetInsertPointHPu;_CN12cjcj:codegen10IRBuilder216GetLayoutSize_32HCN9cjcj:chir4TypeE;_CN12cjcj:codegen10IRBuilder217CreateEntryAllocaHPuRNat6StringE*2;_CN12cjcj:codegen10IRBuilder217GetInsertFunctionHv;_CN12cjcj:codegen10IRBuilder219SetInsertCGFunctionHCNY_10CGFunctionE;_CN12cjcj:codegen10IRBuilder220GetPayloadFromObjectHPu;_CN12cjcj:codegen10IRBuilder220SetInsertPointBeforeHPu*3;_CN12cjcj:codegen10IRBuilder221IsLLVMTypeContainsRefHPu*2;_CN12cjcj:codegen10IRBuilder225CreateCJMemsetStructWith0HPuPu*2;_CN12cjcj:codegen10IRBuilder226CallIntrinsicAllocaGenericHCNac9ArrayListIPuE;_CN12cjcj:codegen10IRBuilder25closeHv*2;_CN12cjcj:codegen10IRBuilder26<init>HCNY_8CGModuleE;_CN12cjcj:codegen10IRBuilder28isClosedHv*2;_CN12cjcj:codegen13LLVMNullValueHv*2;_CN12cjcj:codegen19AddAttributeAtIndexHPujRNat6StringE;_CN12cjcj:codegen5DeRefHCN9cjcj:chir4TypeE;_CN12cjcj:codegen6CGType11GetLLVMTypeHv;_CN12cjcj:codegen6CGType11GetOrCreateHCNY_8CGModuleECN9cjcj:chir4TypeECNY_13TypeExtraInfoE;_CN12cjcj:codegen8CGModule12GetCGContextHv*4;_CN12cjcj:codegen8CGModule14GetLLVMContextHv;_CN12cjcj:codegen9CGContext17GetCompileOptionsHv;_CN12cjcj:codegen9CGContext21GetCallBasesToReplaceHv;_CNac7HashMapIG_G0_E5clearHv*2;_CNac7HashMapIG_G0_E6<init>Hv*2;_CNac7HashMapIG_G0_E8containsHG_*2;_CNac7HashMapIG_G0_EixHG_*2;_CNac7HashMapIG_G0_EixHG_G0_*2;_CNac9ArrayListIG_E3addHG_;_CNac9ArrayListIG_E6<init>HCNat10CollectionIG_E*6;_CNac9ArrayListIG_E6<init>Hv;_CNac9ArrayListIG_E6removeHl;_CNac9ArrayListIG_E8iteratorHv;_CNac9ArrayListIG_EixHl;_CNac9ArrayListIG_EixHlG_;_CNat5ArrayIG_E6<init>HA0_G_ll*6;_CNatXPG_12toUIntNativeHv*2;_CNatXPG_6isNullHv*3;_CPI12cjcj:codegen10IRBuilder210CreateCallHPuPuCNac9ArrayListIPuERNat6StringEE4nameHPuPuY4_;_CPI12cjcj:codegen10IRBuilder210CreateSExtHPuPuRNat6StringEE4nameHPuPu;_CPI12cjcj:codegen10IRBuilder212CreateInvokeHPuPuPuPuCNac9ArrayListIPuERNat6StringEE4nameHPuPuPuPuY4_;_CPI12cjcj:codegen10IRBuilder217CreateEntryAllocaHPuRNat6StringEE4nameHPu*2;_CPI12cjcj:codegen6CGType11GetOrCreateHCNY_8CGModuleECN9cjcj:chir4TypeECNY_13TypeExtraInfoEE9extraInfoHY3_Y5_;llvm.cj.alloca.generic*11;llvm.cj.gcread.ref*6;llvm.cj.gcwrite.struct.p0i8.i64*6;llvm.cj.get.exception.wrapper*5;llvm.cj.get.method.outertype;llvm.cj.get.vtable.func;llvm.cj.is.subtype*3;llvm.cj.malloc.array*6;llvm.cj.malloc.object*16;llvm.cj.memset.p0i8*17;llvm.cj.post.throw.exception*5;llvm.cj.throw.exception*15;llvm.expect.i1*2;llvm.memcpy.p0i8.p0i8.i64*6;llvm.sadd.with.overflow.i64;llvm.uadd.with.overflow.i32;rt$CreateOverflowException_msg*4	LLVMGetNextInstruction;LLVMGlobalGetValueType;LLVMInstructionEraseFromParent;LLVMInt64TypeInContext;LLVMReplaceAllUsesWith;LLVMSelfhostBasicBlockGetFirstInsertionPoint;LLVMSelfhostCallBaseAddAttributeAtIndex;LLVMSelfhostCallBaseArgSize;LLVMSelfhostCallBaseGetArgOperand*2;LLVMSelfhostCallBaseGetStructRetAttr;LLVMSelfhostCallBaseHasStructRetAttr;LLVMSelfhostInstructionCopyMetadata;LLVMSelfhostInvokeGetNormalDest;LLVMSelfhostInvokeGetUnwindDest;LLVMSelfhostIsCallInst;LLVMSelfhostIsInvokeInst;_CN10cjcj:utils10CJC_ASSERTHb*2;_CN12cjcj:codegen10CGFunction18GetWrapperFunctionHv;_CN12cjcj:codegen10IRBuilder210CreateCallHPuPuCNac9ArrayListIPuERNat6StringE;_CN12cjcj:codegen10IRBuilder210CreateSExtHPuPuRNat6StringE;_CN12cjcj:codegen10IRBuilder212CreateInvokeHPuPuPuPuCNac9ArrayListIPuERNat6StringE;_CN12cjcj:codegen10IRBuilder212CreateMemCpyHPujPujPu*2;_CN12cjcj:codegen10IRBuilder213CallGCReadAggHPuCNac9ArrayListIPuE*2;_CN12cjcj:codegen10IRBuilder214CallGCWriteAggHPuCNac9ArrayListIPuE*3;_CN12cjcj:codegen10IRBuilder214CreateTypeInfoHCN9cjcj:chir4TypeE;_CN12cjcj:codegen10IRBuilder214GetInsertBlockHv;_CN12cjcj:codegen10IRBuilder214SetInsertPointHPu;_CN12cjcj:codegen10IRBuilder216GetLayoutSize_32HCN9cjcj:chir4TypeE;_CN12cjcj:codegen10IRBuilder217CreateEntryAllocaHPuRNat6StringE*2;_CN12cjcj:codegen10IRBuilder217GetInsertFunctionHv;_CN12cjcj:codegen10IRBuilder219SetInsertCGFunctionHCNY_10CGFunctionE;_CN12cjcj:codegen10IRBuilder220GetPayloadFromObjectHPu;_CN12cjcj:codegen10IRBuilder220SetInsertPointBeforeHPu*3;_CN12cjcj:codegen10IRBuilder221IsLLVMTypeContainsRefHPu*2;_CN12cjcj:codegen10IRBuilder225CreateCJMemsetStructWith0HPuPu*2;_CN12cjcj:codegen10IRBuilder226CallIntrinsicAllocaGenericHCNac9ArrayListIPuE;_CN12cjcj:codegen10IRBuilder25closeHv*4;_CN12cjcj:codegen10IRBuilder26<init>HCNY_8CGModuleE;_CN12cjcj:codegen10IRBuilder28isClosedHv*4;_CN12cjcj:codegen13LLVMNullValueHv*2;_CN12cjcj:codegen19AddAttributeAtIndexHPujRNat6StringE;_CN12cjcj:codegen5DeRefHCN9cjcj:chir4TypeE;_CN12cjcj:codegen6CGType11GetLLVMTypeHv;_CN12cjcj:codegen6CGType11GetOrCreateHCNY_8CGModuleECN9cjcj:chir4TypeECNY_13TypeExtraInfoE;_CN12cjcj:codegen8CGModule12GetCGContextHv*4;_CN12cjcj:codegen8CGModule14GetLLVMContextHv;_CN12cjcj:codegen9CGContext17GetCompileOptionsHv;_CN12cjcj:codegen9CGContext21GetCallBasesToReplaceHv;_CNac7HashMapIG_G0_E5clearHv*2;_CNac7HashMapIG_G0_E6<init>Hv*2;_CNac7HashMapIG_G0_E8containsHG_*2;_CNac7HashMapIG_G0_EixHG_*2;_CNac7HashMapIG_G0_EixHG_G0_*2;_CNac9ArrayListIG_E3addHG_;_CNac9ArrayListIG_E6<init>HCNat10CollectionIG_E*6;_CNac9ArrayListIG_E6<init>Hv;_CNac9ArrayListIG_E6removeHl;_CNac9ArrayListIG_E8iteratorHv;_CNac9ArrayListIG_EixHl;_CNac9ArrayListIG_EixHlG_;_CNat5ArrayIG_E6<init>HA0_G_ll*6;_CNatXPG_12toUIntNativeHv*2;_CNatXPG_6isNullHv*3;_CPI12cjcj:codegen10IRBuilder210CreateCallHPuPuCNac9ArrayListIPuERNat6StringEE4nameHPuPuY4_;_CPI12cjcj:codegen10IRBuilder210CreateSExtHPuPuRNat6StringEE4nameHPuPu;_CPI12cjcj:codegen10IRBuilder212CreateInvokeHPuPuPuPuCNac9ArrayListIPuERNat6StringEE4nameHPuPuPuPuY4_;_CPI12cjcj:codegen10IRBuilder217CreateEntryAllocaHPuRNat6StringEE4nameHPu*2;_CPI12cjcj:codegen6CGType11GetOrCreateHCNY_8CGModuleECN9cjcj:chir4TypeECNY_13TypeExtraInfoEE9extraInfoHY3_Y5_;llvm.cj.alloca.generic*11;llvm.cj.gcread.ref*6;llvm.cj.gcwrite.struct.p0i8.i64*6;llvm.cj.get.exception.wrapper*7;llvm.cj.get.method.outertype;llvm.cj.get.vtable.func;llvm.cj.is.subtype*5;llvm.cj.malloc.array*6;llvm.cj.malloc.object*16;llvm.cj.memset.p0i8*17;llvm.cj.post.throw.exception*7;llvm.cj.throw.exception*21;llvm.expect.i1*2;llvm.memcpy.p0i8.p0i8.i64*6;llvm.sadd.with.overflow.i64;llvm.uadd.with.overflow.i32;rt$CreateOverflowException_msg*2	rt$CreateOverflowException_msg*2	_CN12cjcj:codegen10IRBuilder25closeHv*2;_CN12cjcj:codegen10IRBuilder28isClosedHv*2;llvm.cj.get.exception.wrapper*2;llvm.cj.is.subtype*2;llvm.cj.post.throw.exception*2;llvm.cj.throw.exception*6		2	16	18	1	1	0
_CN12cjcj:codegenU0000000327yc020SetSymbolLinkageTypeHCNY0_8CGModuleE	LLVMDisposeValueMetadataEntries*2;LLVMGetFirstFunction;LLVMGetFirstGlobal;LLVMGetNextFunction;LLVMGetNextGlobal;LLVMGetValueName*2;LLVMGlobalCopyAllMetadata*2;LLVMIsDeclaration*2;LLVMSetLinkage*2;LLVMValueMetadataEntriesGetKind*2;_CN12cjcj:codegen15LLVMGetMDKindIDHCNY_17LLVMContextHandleERNat6StringE;_CN12cjcj:codegen16LLVMLinkageValueHNNY_11LLVMLinkageE*22;_CN12cjcj:codegen19LLVMCStringToStringHk*2;_CN12cjcj:codegen23LLVMEraseGlobalMetadataHCNY_17LLVMContextHandleEPuRNat6StringE*2;_CN12cjcj:codegen28GetLinkageTypeOfGlobalObjectHPu*2;_CN12cjcj:codegen8CGModule12GetCGContextHv*2;_CN12cjcj:codegen8CGModule13GetLLVMModuleHv;_CN12cjcj:codegen8CGModule14GetLLVMContextHv*3;_CN12cjcj:codegen9CGContext18AddLocalizedSymbolHRNat6StringE*2;_CNat16CPointerResourceIG_E5closeHv*4;_CNat16CPointerResourceIG_E8isClosedHv*4;_CNat4LibC6mallocIG_Hl*2;_CNatXPG_10asResourceHv*2;_CNatXPG_6isNullHv*4;_CNatXPr4readHv*2;_CNatXPr5writeHr*2;_CPIat4LibC6mallocIG_HlE5countIG0_Hv*2;llvm.cj.get.exception.wrapper*10;llvm.cj.is.subtype*6;llvm.cj.memset.p0i8*10;llvm.cj.post.throw.exception*10;llvm.cj.throw.exception*26;llvm.expect.i1*2;llvm.memcpy.p0i8.p0i8.i64*8;llvm.uadd.with.overflow.i32*2;rt$CreateOverflowException_msg*4	LLVMDisposeValueMetadataEntries*2;LLVMGetFirstFunction;LLVMGetFirstGlobal;LLVMGetNextFunction;LLVMGetNextGlobal;LLVMGetValueName*2;LLVMGlobalCopyAllMetadata*2;LLVMIsDeclaration*2;LLVMSetLinkage*2;LLVMValueMetadataEntriesGetKind*2;_CN12cjcj:codegen15LLVMGetMDKindIDHCNY_17LLVMContextHandleERNat6StringE;_CN12cjcj:codegen16LLVMLinkageValueHNNY_11LLVMLinkageE*22;_CN12cjcj:codegen19LLVMCStringToStringHk*2;_CN12cjcj:codegen23LLVMEraseGlobalMetadataHCNY_17LLVMContextHandleEPuRNat6StringE*2;_CN12cjcj:codegen28GetLinkageTypeOfGlobalObjectHPu*2;_CN12cjcj:codegen8CGModule12GetCGContextHv*2;_CN12cjcj:codegen8CGModule13GetLLVMModuleHv;_CN12cjcj:codegen8CGModule14GetLLVMContextHv*3;_CN12cjcj:codegen9CGContext18AddLocalizedSymbolHRNat6StringE*2;_CNat16CPointerResourceIG_E5closeHv*6;_CNat16CPointerResourceIG_E8isClosedHv*6;_CNat4LibC6mallocIG_Hl*2;_CNatXPG_10asResourceHv*2;_CNatXPG_6isNullHv*4;_CNatXPr4readHv*2;_CNatXPr5writeHr*2;_CPIat4LibC6mallocIG_HlE5countIG0_Hv*2;llvm.cj.get.exception.wrapper*12;llvm.cj.is.subtype*8;llvm.cj.memset.p0i8*10;llvm.cj.post.throw.exception*12;llvm.cj.throw.exception*32;llvm.expect.i1*2;llvm.memcpy.p0i8.p0i8.i64*8;llvm.uadd.with.overflow.i32*2;rt$CreateOverflowException_msg*2	rt$CreateOverflowException_msg*2	_CNat16CPointerResourceIG_E5closeHv*2;_CNat16CPointerResourceIG_E8isClosedHv*2;llvm.cj.get.exception.wrapper*2;llvm.cj.is.subtype*2;llvm.cj.post.throw.exception*2;llvm.cj.throw.exception*6		2	16	18	0	0	0
_CN12cjcj:codegenU0000000327yc021KeepSomeTypesManuallyHCNY0_8CGModuleE	LLVMAppendBasicBlockInContext;LLVMBuildAlloca;LLVMBuildRetVoid;LLVMCreateBuilderInContext;LLVMDisposeBuilder;LLVMFunctionType;LLVMGetTypeByName2;LLVMPositionBuilderAtEnd;LLVMTypeIsSized;LLVMVoidTypeInContext;_CN12cjcj:codegen22AddLinkageTypeMetadataHPuNNY_11LLVMLinkageEb;_CN12cjcj:codegen8CGModule12GetCGContextHv*2;_CN12cjcj:codegen8CGModule13GetLLVMModuleHv;_CN12cjcj:codegen8CGModule14GetLLVMContextHv;_CN12cjcj:codegen9AddFnAttrHPuRNat6StringEY3_*2;_CN12cjcj:codegen9CGContext15AddLLVMUsedVarsHRNat6StringE;_CN12cjcj:codegen9CGContext22GetGeneratedStructTypeHv;_CN12cjcj:codegenU0000000327yc023GetOrInsertLLVMFunctionHCNY0_16LLVMModuleHandleERNat6StringEPu;_CNac7TreeSetIG_E8iteratorHv;_CNat15CStringResource5closeHv*6;_CNat15CStringResource8isClosedHv*6;_CNat4LibC13mallocCStringHRNat6StringE*3;_CNatXPG_6isNullHv;_CNatXk10asResourceHv*3;_CPI12cjcj:codegen9AddFnAttrHPuRNat6StringEY3_E9attrValueHPuY3_*2;llvm.cj.alloca.generic;llvm.cj.gcread.static.struct.i64*2;llvm.cj.gcread.struct.i64;llvm.cj.get.exception.wrapper*14;llvm.cj.get.method.outertype;llvm.cj.get.vtable.func;llvm.cj.is.subtype*9;llvm.cj.memset.p0i8*9;llvm.cj.post.throw.exception*14;llvm.cj.throw.exception*32;llvm.memcpy.p0i8.p0i8.i64	LLVMAppendBasicBlockInContext;LLVMBuildAlloca;LLVMBuildRetVoid;LLVMCreateBuilderInContext;LLVMDisposeBuilder;LLVMFunctionType;LLVMGetTypeByName2;LLVMPositionBuilderAtEnd;LLVMTypeIsSized;LLVMVoidTypeInContext;_CN12cjcj:codegen22AddLinkageTypeMetadataHPuNNY_11LLVMLinkageEb;_CN12cjcj:codegen8CGModule12GetCGContextHv*2;_CN12cjcj:codegen8CGModule13GetLLVMModuleHv;_CN12cjcj:codegen8CGModule14GetLLVMContextHv;_CN12cjcj:codegen9AddFnAttrHPuRNat6StringEY3_*2;_CN12cjcj:codegen9CGContext15AddLLVMUsedVarsHRNat6StringE;_CN12cjcj:codegen9CGContext22GetGeneratedStructTypeHv;_CN12cjcj:codegenU0000000327yc023GetOrInsertLLVMFunctionHCNY0_16LLVMModuleHandleERNat6StringEPu;_CNac7TreeSetIG_E8iteratorHv;_CNat15CStringResource5closeHv*8;_CNat15CStringResource8isClosedHv*8;_CNat4LibC13mallocCStringHRNat6StringE*3;_CNatXPG_6isNullHv;_CNatXk10asResourceHv*3;_CPI12cjcj:codegen9AddFnAttrHPuRNat6StringEY3_E9attrValueHPuY3_*2;llvm.cj.alloca.generic;llvm.cj.gcread.static.struct.i64*2;llvm.cj.gcread.struct.i64;llvm.cj.get.exception.wrapper*16;llvm.cj.get.method.outertype;llvm.cj.get.vtable.func;llvm.cj.is.subtype*11;llvm.cj.memset.p0i8*9;llvm.cj.post.throw.exception*16;llvm.cj.throw.exception*40;llvm.memcpy.p0i8.p0i8.i64		_CNat15CStringResource5closeHv*2;_CNat15CStringResource8isClosedHv*2;llvm.cj.get.exception.wrapper*2;llvm.cj.is.subtype*2;llvm.cj.post.throw.exception*2;llvm.cj.throw.exception*8		0	18	18	1	1	0
_CN12cjcj:codegenUCGFunction$21CreateFunctionWrapperHPuCNY0_14CGFunctionTypeECN9cjcj:chir5ValueECNY0_8CGModuleE	LLVMCountParamTypes;LLVMFunctionType*2;LLVMGetParamTypes;LLVMGetReturnType*2;LLVMGetValueName;LLVMGlobalGetValueType;LLVMIsFunctionVarArg*2;LLVMPointerType;LLVMSetValueName2;_CN12cjcj:codegen12LLVMNullTypeHv;_CN12cjcj:codegen13LLVMNullValueHv*3;_CN12cjcj:codegen14CGFunctionType10HasBasePtrHv*2;_CN12cjcj:codegen14CGFunctionType12GetParamTypeHl;_CN12cjcj:codegen14CGFunctionType7HasSRetHv*3;_CN12cjcj:codegen16AddSRetAttributeHPu;_CN12cjcj:codegen16AddSRetAttributeHPuPu;_CN12cjcj:codegen19AddNoAliasAttributeHPu;_CN12cjcj:codegen19HasAttributeAtIndexHPujRNat6StringE;_CN12cjcj:codegen19LLVMCStringToStringHk;_CN12cjcj:codegen22AddLinkageTypeMetadataHPuNNY_11LLVMLinkageEb;_CN12cjcj:codegen28GetLinkageTypeOfGlobalObjectHPu;_CN12cjcj:codegen28GetTypeAttributeValueAtIndexHPujRNat6StringE;_CN12cjcj:codegen5DeRefHCN9cjcj:chir4TypeE;_CN12cjcj:codegen6CGType11GetLLVMTypeHv;_CN12cjcj:codegen6CGType11GetOrCreateHCNY_8CGModuleECN9cjcj:chir4TypeECNY_13TypeExtraInfoE*2;_CN12cjcj:codegen6CGType11GetOriginalHv;_CN12cjcj:codegen6CGType7GetSizeHv;_CN12cjcj:codegen8CGModule12GetCGContextHv;_CN12cjcj:codegen8CGModule19GetOrInsertFunctionHRNat6StringEPu;_CN12cjcj:codegen9AddFnAttrHPuRNat6StringEY3_;_CN12cjcj:codegen9CGContext17GetCompileOptionsHv;_CN12cjcj:codegen9CGContext19IsCGParallelEnabledHv;_CN12cjcj:codegen9CGContext24IsValueOfOtherLLVMModuleHCN9cjcj:chir5ValueE*2;_CN12cjcj:codegenUCGFunction$35CreateFunctionWrapperForNormalCasesHPuPuCNY0_14CGFunctionTypeECNY0_8CGModuleE;_CN12cjcj:codegenUCGFunction$38CreateFunctionWrapperForNoBasePtrCasesHCN9cjcj:chir5ValueECNY0_8CGModuleE;_CN9cjcj:chir4Base8TestAttrHNNY_9AttributeE;_CN9cjcj:chir4Type8IsStructHv;_CN9cjcj:chir8Function19GetWrappedRawMethodHv;_CN9cjcj:chir8Function33GetParentCustomTypeOrExtendedTypeHv;_CNac9ArrayListIG_E3addHG_;_CNac9ArrayListIG_E4sizepgHv*3;_CNac9ArrayListIG_E6<init>Hv;_CNac9ArrayListIG_E6removeHl;_CNac9ArrayListIG_E7isEmptyHv;_CNac9ArrayListIG_EixHl;_CNac9ArrayListIG_EixHlG_;_CNat15CStringResource5closeHv*2;_CNat15CStringResource8isClosedHv*2;_CNat16CPointerResourceIG_E5closeHv*4;_CNat16CPointerResourceIG_E8isClosedHv*4;_CNat4LibC13mallocCStringHRNat6StringE;_CNat4LibC6mallocIG_Hl*2;_CNat6OptionIG_E10getOrThrowHv;_CNat6OptionIG_E6isSomeHv*2;_CNat6String4sizepgHv;_CNat6StringplHRNatY0_E;_CNatXPG_10asResourceHv*2;_CNatXPG_plHl*2;_CNatXPPu4readHv;_CNatXPPu5writeHPu;_CNatXj3MaxpgHv;_CNatXk10asResourceHv;_CPI12cjcj:codegen6CGType11GetOrCreateHCNY_8CGModuleECN9cjcj:chir4TypeECNY_13TypeExtraInfoEE9extraInfoHY3_Y5_*2;_CPI12cjcj:codegen9AddFnAttrHPuRNat6StringEY3_E9attrValueHPuY3_;llvm.cj.alloca.generic*7;llvm.cj.gcread.static.struct.i64*2;llvm.cj.gcwrite.ref*2;llvm.cj.get.exception.wrapper*15;llvm.cj.is.subtype*10;llvm.cj.malloc.object;llvm.cj.memset.p0i8*11;llvm.cj.post.throw.exception*15;llvm.cj.throw.exception*41;llvm.expect.i1*2;llvm.memcpy.p0i8.p0i8.i64*4;llvm.memcpy.p1i8.p0i8.i64;llvm.sadd.with.overflow.i64*2;rt$CreateOverflowException_msg*8	LLVMCountParamTypes;LLVMFunctionType*2;LLVMGetParamTypes;LLVMGetReturnType*2;LLVMGetValueName;LLVMGlobalGetValueType;LLVMIsFunctionVarArg*2;LLVMPointerType;LLVMSetValueName2;_CN12cjcj:codegen12LLVMNullTypeHv;_CN12cjcj:codegen13LLVMNullValueHv*3;_CN12cjcj:codegen14CGFunctionType10HasBasePtrHv*2;_CN12cjcj:codegen14CGFunctionType12GetParamTypeHl;_CN12cjcj:codegen14CGFunctionType7HasSRetHv*3;_CN12cjcj:codegen16AddSRetAttributeHPu;_CN12cjcj:codegen16AddSRetAttributeHPuPu;_CN12cjcj:codegen19AddNoAliasAttributeHPu;_CN12cjcj:codegen19HasAttributeAtIndexHPujRNat6StringE;_CN12cjcj:codegen19LLVMCStringToStringHk;_CN12cjcj:codegen22AddLinkageTypeMetadataHPuNNY_11LLVMLinkageEb;_CN12cjcj:codegen28GetLinkageTypeOfGlobalObjectHPu;_CN12cjcj:codegen28GetTypeAttributeValueAtIndexHPujRNat6StringE;_CN12cjcj:codegen5DeRefHCN9cjcj:chir4TypeE;_CN12cjcj:codegen6CGType11GetLLVMTypeHv;_CN12cjcj:codegen6CGType11GetOrCreateHCNY_8CGModuleECN9cjcj:chir4TypeECNY_13TypeExtraInfoE*2;_CN12cjcj:codegen6CGType11GetOriginalHv;_CN12cjcj:codegen6CGType7GetSizeHv;_CN12cjcj:codegen8CGModule12GetCGContextHv;_CN12cjcj:codegen8CGModule19GetOrInsertFunctionHRNat6StringEPu;_CN12cjcj:codegen9AddFnAttrHPuRNat6StringEY3_;_CN12cjcj:codegen9CGContext17GetCompileOptionsHv;_CN12cjcj:codegen9CGContext19IsCGParallelEnabledHv;_CN12cjcj:codegen9CGContext24IsValueOfOtherLLVMModuleHCN9cjcj:chir5ValueE*2;_CN12cjcj:codegenUCGFunction$35CreateFunctionWrapperForNormalCasesHPuPuCNY0_14CGFunctionTypeECNY0_8CGModuleE;_CN12cjcj:codegenUCGFunction$38CreateFunctionWrapperForNoBasePtrCasesHCN9cjcj:chir5ValueECNY0_8CGModuleE;_CN9cjcj:chir4Base8TestAttrHNNY_9AttributeE;_CN9cjcj:chir4Type8IsStructHv;_CN9cjcj:chir8Function19GetWrappedRawMethodHv;_CN9cjcj:chir8Function33GetParentCustomTypeOrExtendedTypeHv;_CNac9ArrayListIG_E3addHG_;_CNac9ArrayListIG_E4sizepgHv*3;_CNac9ArrayListIG_E6<init>Hv;_CNac9ArrayListIG_E6removeHl;_CNac9ArrayListIG_E7isEmptyHv;_CNac9ArrayListIG_EixHl;_CNac9ArrayListIG_EixHlG_;_CNat15CStringResource5closeHv*2;_CNat15CStringResource8isClosedHv*2;_CNat16CPointerResourceIG_E5closeHv*4;_CNat16CPointerResourceIG_E8isClosedHv*4;_CNat4LibC13mallocCStringHRNat6StringE;_CNat4LibC6mallocIG_Hl*2;_CNat6OptionIG_E10getOrThrowHv;_CNat6OptionIG_E6isSomeHv*2;_CNat6String4sizepgHv;_CNat6StringplHRNatY0_E;_CNatXPG_10asResourceHv*2;_CNatXPG_plHl*2;_CNatXPPu4readHv;_CNatXPPu5writeHPu;_CNatXj3MaxpgHv;_CNatXk10asResourceHv;_CPI12cjcj:codegen6CGType11GetOrCreateHCNY_8CGModuleECN9cjcj:chir4TypeECNY_13TypeExtraInfoEE9extraInfoHY3_Y5_*2;_CPI12cjcj:codegen9AddFnAttrHPuRNat6StringEY3_E9attrValueHPuY3_;llvm.cj.alloca.generic*7;llvm.cj.gcread.static.struct.i64*2;llvm.cj.gcwrite.ref*2;llvm.cj.get.exception.wrapper*15;llvm.cj.is.subtype*10;llvm.cj.malloc.object;llvm.cj.memset.p0i8*11;llvm.cj.post.throw.exception*15;llvm.cj.throw.exception*35;llvm.expect.i1*2;llvm.memcpy.p0i8.p0i8.i64*4;llvm.memcpy.p1i8.p0i8.i64;llvm.sadd.with.overflow.i64*2;rt$CreateOverflowException_msg*2	llvm.cj.throw.exception*6;rt$CreateOverflowException_msg*6			12	0	12	0	0	0
_CN12cjcj:codegenUApplyImpl$27GetIndirectCFuncCallWrapperHCNY0_8CGModuleECNY0_10IRBuilder2ECNY0_7CGValueECN9cjcj:chir8FuncTypeE	LLVMCountParamTypes;LLVMFunctionType*2;LLVMGetParamTypes;LLVMGetReturnType*3;LLVMGetTypeKind;LLVMIsDeclaration;LLVMPointerType*2;LLVMTypeOf;_CN10cjcj:utils10CJC_ASSERTHb;_CN12cjcj:codegen12LLVMNullTypeHv*2;_CN12cjcj:codegen14CGFunctionType19GetLLVMFunctionTypeHv;_CN12cjcj:codegen14IsCommonStructHCN9cjcj:chir4TypeE;_CN12cjcj:codegen18IsLitStructPtrTypeHPu;_CN12cjcj:codegen18IsZeroSizedTypeInCHCNY_8CGModuleECN9cjcj:chir4TypeE;_CN12cjcj:codegen21GetPointerElementTypeHPu;_CN12cjcj:codegen6CGType11GetOrCreateHCNY_8CGModuleECN9cjcj:chir4TypeECNY_13TypeExtraInfoE;_CN12cjcj:codegen7CGValue11GetRawValueHv;_CN12cjcj:codegen8CGModule19GetOrInsertFunctionHRNat6StringEPu;_CN12cjcj:codegenUApplyImpl$23GenerateWrapperFuncBodyHCNY0_8CGModuleECNY0_10IRBuilder2EPuPubCN9cjcj:chir8FuncTypeE;_CN9cjcj:chir14MangleCHIRTypeHCNY_4TypeE;_CN9cjcj:chir8FuncType13GetReturnTypeHv;_CN9cjcj:chir8FuncType9HasVarArgHv*2;_CNac9ArrayListIG_E3addHG_*4;_CNac9ArrayListIG_E4sizepgHv*3;_CNac9ArrayListIG_E6<init>Hv;_CNac9ArrayListIG_E7isEmptyHv;_CNac9ArrayListIG_EixHl;_CNat16CPointerResourceIG_E5closeHv*4;_CNat16CPointerResourceIG_E8isClosedHv*4;_CNat4LibC6mallocIG_Hl*2;_CNat6StringplHRNatY0_E;_CNatXPG_10asResourceHv*2;_CNatXPG_6isNullHv;_CNatXPG_plHl*3;_CNatXPPu4readHv*2;_CNatXPPu5writeHPu;_CPI12cjcj:codegen6CGType11GetOrCreateHCNY_8CGModuleECN9cjcj:chir4TypeECNY_13TypeExtraInfoEE9extraInfoHY3_Y5_;llvm.cj.alloca.generic*5;llvm.cj.get.exception.wrapper*10;llvm.cj.is.subtype*7;llvm.cj.malloc.object;llvm.cj.memset.p0i8*4;llvm.cj.post.throw.exception*10;llvm.cj.throw.exception*30;llvm.expect.i1*3;llvm.sadd.with.overflow.i64;llvm.uadd.with.overflow.i32*2;rt$CreateOverflowException_msg*8	LLVMCountParamTypes;LLVMFunctionType*2;LLVMGetParamTypes;LLVMGetReturnType*3;LLVMGetTypeKind;LLVMIsDeclaration;LLVMPointerType*2;LLVMTypeOf;_CN10cjcj:utils10CJC_ASSERTHb;_CN12cjcj:codegen12LLVMNullTypeHv*2;_CN12cjcj:codegen14CGFunctionType19GetLLVMFunctionTypeHv;_CN12cjcj:codegen14IsCommonStructHCN9cjcj:chir4TypeE;_CN12cjcj:codegen18IsLitStructPtrTypeHPu;_CN12cjcj:codegen18IsZeroSizedTypeInCHCNY_8CGModuleECN9cjcj:chir4TypeE;_CN12cjcj:codegen21GetPointerElementTypeHPu;_CN12cjcj:codegen6CGType11GetOrCreateHCNY_8CGModuleECN9cjcj:chir4TypeECNY_13TypeExtraInfoE;_CN12cjcj:codegen7CGValue11GetRawValueHv;_CN12cjcj:codegen8CGModule19GetOrInsertFunctionHRNat6StringEPu;_CN12cjcj:codegenUApplyImpl$23GenerateWrapperFuncBodyHCNY0_8CGModuleECNY0_10IRBuilder2EPuPubCN9cjcj:chir8FuncTypeE;_CN9cjcj:chir14MangleCHIRTypeHCNY_4TypeE;_CN9cjcj:chir8FuncType13GetReturnTypeHv;_CN9cjcj:chir8FuncType9HasVarArgHv*2;_CNac9ArrayListIG_E3addHG_*4;_CNac9ArrayListIG_E4sizepgHv*3;_CNac9ArrayListIG_E6<init>Hv;_CNac9ArrayListIG_E7isEmptyHv;_CNac9ArrayListIG_EixHl;_CNat16CPointerResourceIG_E5closeHv*4;_CNat16CPointerResourceIG_E8isClosedHv*4;_CNat4LibC6mallocIG_Hl*2;_CNat6StringplHRNatY0_E;_CNatXPG_10asResourceHv*2;_CNatXPG_6isNullHv;_CNatXPG_plHl*3;_CNatXPPu4readHv*2;_CNatXPPu5writeHPu;_CPI12cjcj:codegen6CGType11GetOrCreateHCNY_8CGModuleECN9cjcj:chir4TypeECNY_13TypeExtraInfoEE9extraInfoHY3_Y5_;llvm.cj.alloca.generic*5;llvm.cj.get.exception.wrapper*10;llvm.cj.is.subtype*7;llvm.cj.malloc.object;llvm.cj.memset.p0i8*4;llvm.cj.post.throw.exception*10;llvm.cj.throw.exception*25;llvm.expect.i1*3;llvm.sadd.with.overflow.i64;llvm.uadd.with.overflow.i32*2;rt$CreateOverflowException_msg*3	llvm.cj.throw.exception*5;rt$CreateOverflowException_msg*5			10	0	10	0	0	0
_CN12cjcj:codegen10CGEnumType15ContainsRefTypeHPu	LLVMCountStructElementTypes;LLVMGetPointerAddressSpace;LLVMGetStructElementTypes;LLVMGetTypeKind;_CN12cjcj:codegen10CGEnumType15ContainsRefTypeHPu;_CNat16CPointerResourceIG_E5closeHv*2;_CNat16CPointerResourceIG_E8isClosedHv*2;_CNat4LibC6mallocIG_Hl;_CNatXPG_10asResourceHv;_CNatXPG_6isNullHv;_CNatXPG_plHl;_CNatXPPu4readHv;llvm.cj.get.exception.wrapper*5;llvm.cj.is.subtype*3;llvm.cj.memset.p0i8;llvm.cj.post.throw.exception*5;llvm.cj.throw.exception*14;llvm.expect.i1;llvm.sadd.with.overflow.i64;rt$CreateOverflowException_msg*3	LLVMCountStructElementTypes;LLVMGetPointerAddressSpace;LLVMGetStructElementTypes;LLVMGetTypeKind;_CN12cjcj:codegen10CGEnumType15ContainsRefTypeHPu;_CNat16CPointerResourceIG_E5closeHv*3;_CNat16CPointerResourceIG_E8isClosedHv*3;_CNat4LibC6mallocIG_Hl;_CNatXPG_10asResourceHv;_CNatXPG_6isNullHv;_CNatXPG_plHl;_CNatXPPu4readHv;llvm.cj.get.exception.wrapper*6;llvm.cj.is.subtype*4;llvm.cj.memset.p0i8;llvm.cj.post.throw.exception*6;llvm.cj.throw.exception*16;llvm.expect.i1;llvm.sadd.with.overflow.i64;rt$CreateOverflowException_msg	rt$CreateOverflowException_msg*2	_CNat16CPointerResourceIG_E5closeHv;_CNat16CPointerResourceIG_E8isClosedHv;llvm.cj.get.exception.wrapper;llvm.cj.is.subtype;llvm.cj.post.throw.exception;llvm.cj.throw.exception*2		2	7	9	0	0	0
_CN12cjcj:codegen10IRBuilder221IsLLVMTypeContainsRefHPu	LLVMCountStructElementTypes;LLVMGetElementType;LLVMGetPointerAddressSpace;LLVMGetStructElementTypes;LLVMGetTypeKind;_CN12cjcj:codegen10IRBuilder221IsLLVMTypeContainsRefHPu*2;_CNat16CPointerResourceIG_E5closeHv*2;_CNat16CPointerResourceIG_E8isClosedHv*2;_CNat4LibC6mallocIG_Hl;_CNatXPG_10asResourceHv;_CNatXPG_6isNullHv;_CNatXPG_plHl;_CNatXPPu4readHv;llvm.cj.get.exception.wrapper*5;llvm.cj.is.subtype*3;llvm.cj.memset.p0i8;llvm.cj.post.throw.exception*5;llvm.cj.throw.exception*14;llvm.expect.i1;llvm.sadd.with.overflow.i64;rt$CreateOverflowException_msg*3	LLVMCountStructElementTypes;LLVMGetElementType;LLVMGetPointerAddressSpace;LLVMGetStructElementTypes;LLVMGetTypeKind;_CN12cjcj:codegen10IRBuilder221IsLLVMTypeContainsRefHPu*2;_CNat16CPointerResourceIG_E5closeHv*3;_CNat16CPointerResourceIG_E8isClosedHv*3;_CNat4LibC6mallocIG_Hl;_CNatXPG_10asResourceHv;_CNatXPG_6isNullHv;_CNatXPG_plHl;_CNatXPPu4readHv;llvm.cj.get.exception.wrapper*6;llvm.cj.is.subtype*4;llvm.cj.memset.p0i8;llvm.cj.post.throw.exception*6;llvm.cj.throw.exception*16;llvm.expect.i1;llvm.sadd.with.overflow.i64;rt$CreateOverflowException_msg	rt$CreateOverflowException_msg*2	_CNat16CPointerResourceIG_E5closeHv;_CNat16CPointerResourceIG_E8isClosedHv;llvm.cj.get.exception.wrapper;llvm.cj.is.subtype;llvm.cj.post.throw.exception;llvm.cj.throw.exception*2		2	7	9	0	0	0
_CN12cjcj:codegen10IRBuilder228GetOrCreateIntrinsicFunctionHRNat6StringEPuPubCNac9ArrayListIY3_E	LLVMAddFunction;LLVMGetNamedFunction;_CN12cjcj:codegen10IRBuilder212GetCGContextHv;_CN12cjcj:codegen13LLVMNullValueHv;_CN12cjcj:codegen16AddSRetAttributeHPuPu;_CN12cjcj:codegen19AddNoAliasAttributeHPu;_CN12cjcj:codegen22AddLinkageTypeMetadataHPuNNY_11LLVMLinkageEb;_CN12cjcj:codegen8CGModule13GetLLVMModuleHv;_CN12cjcj:codegen9AddFnAttrHPuRNat6StringEY3_;_CN12cjcj:codegen9CGContext19IsCGParallelEnabledHv;_CNac9ArrayListIG_E8iteratorHv;_CNat15CStringResource5closeHv*2;_CNat15CStringResource8isClosedHv*2;_CNat21IllegalStateException6<init>HRNat6StringE;_CNat4LibC13mallocCStringHRNat6StringE;_CNatXPG_6isNullHv;_CNatXk10asResourceHv;_CPI12cjcj:codegen9AddFnAttrHPuRNat6StringEY3_E9attrValueHPuY3_;llvm.cj.alloca.generic;llvm.cj.gcread.ref;llvm.cj.gcread.struct.i64;llvm.cj.get.exception.wrapper*5;llvm.cj.get.method.outertype;llvm.cj.get.vtable.func;llvm.cj.is.subtype*3;llvm.cj.malloc.object;llvm.cj.memset.p0i8*4;llvm.cj.post.throw.exception*5;llvm.cj.throw.exception*12;llvm.memcpy.p0i8.p0i8.i64	LLVMAddFunction;LLVMGetNamedFunction;_CN12cjcj:codegen10IRBuilder212GetCGContextHv;_CN12cjcj:codegen13LLVMNullValueHv;_CN12cjcj:codegen16AddSRetAttributeHPuPu;_CN12cjcj:codegen19AddNoAliasAttributeHPu;_CN12cjcj:codegen22AddLinkageTypeMetadataHPuNNY_11LLVMLinkageEb;_CN12cjcj:codegen8CGModule13GetLLVMModuleHv;_CN12cjcj:codegen9AddFnAttrHPuRNat6StringEY3_;_CN12cjcj:codegen9CGContext19IsCGParallelEnabledHv;_CNac9ArrayListIG_E8iteratorHv;_CNat15CStringResource5closeHv*3;_CNat15CStringResource8isClosedHv*3;_CNat21IllegalStateException6<init>HRNat6StringE;_CNat4LibC13mallocCStringHRNat6StringE;_CNatXPG_6isNullHv;_CNatXk10asResourceHv;_CPI12cjcj:codegen9AddFnAttrHPuRNat6StringEY3_E9attrValueHPuY3_;llvm.cj.alloca.generic;llvm.cj.gcread.ref;llvm.cj.gcread.struct.i64;llvm.cj.get.exception.wrapper*6;llvm.cj.get.method.outertype;llvm.cj.get.vtable.func;llvm.cj.is.subtype*4;llvm.cj.malloc.object;llvm.cj.memset.p0i8*4;llvm.cj.post.throw.exception*6;llvm.cj.throw.exception*16;llvm.memcpy.p0i8.p0i8.i64		_CNat15CStringResource5closeHv;_CNat15CStringResource8isClosedHv;llvm.cj.get.exception.wrapper;llvm.cj.is.subtype;llvm.cj.post.throw.exception;llvm.cj.throw.exception*4		0	9	9	1	1	0
_CN12cjcj:codegenU00000003li8id23BasicBlockGeneratorImpl16CreateLandingPadHCN9cjcj:chir5BlockE	LLVMConstBitCast;LLVMInt8TypeInContext;LLVMPointerType;_CN12cjcj:codegen10IRBuilder214CreateTypeInfoHCN9cjcj:chir4TypeE;_CN12cjcj:codegen10IRBuilder214GetLLVMContextHv;_CN12cjcj:codegen10IRBuilder216CreateLandingPadHPujRNat6StringE;_CN12cjcj:codegen10IRBuilder217GetLandingPadTypeHv;_CN12cjcj:codegen10IRBuilder219AddLandingPadClauseHPuPu;_CN12cjcj:codegen10IRBuilder227AddLandingPadCatchAllClauseHPu;_CN12cjcj:codegen10IRBuilder26<init>HCNY_8CGModuleE;_CN12cjcj:codegen17CodeGenBlockScope5closeHv*3;_CN12cjcj:codegen17CodeGenBlockScope6<init>HCNY_10IRBuilder2ECN9cjcj:chir5BlockE;_CN12cjcj:codegen17CodeGenBlockScope8isClosedHv*3;_CN9cjcj:chir5Block13GetExceptionsHv;_CN9cjcj:chir5Block17IsLandingPadBlockHv;_CNac9ArrayListIG_E7isEmptyHv;_CNac9ArrayListIG_E8iteratorHv;_CPI12cjcj:codegen10IRBuilder216CreateLandingPadHPujRNat6StringEE4nameHPuj;llvm.cj.alloca.generic;llvm.cj.gcread.ref*2;llvm.cj.get.exception.wrapper*6;llvm.cj.get.method.outertype;llvm.cj.get.vtable.func;llvm.cj.is.subtype*4;llvm.cj.malloc.object*2;llvm.cj.memset.p0i8;llvm.cj.post.throw.exception*6;llvm.cj.throw.exception*15	LLVMConstBitCast;LLVMInt8TypeInContext;LLVMPointerType;_CN12cjcj:codegen10IRBuilder214CreateTypeInfoHCN9cjcj:chir4TypeE;_CN12cjcj:codegen10IRBuilder214GetLLVMContextHv;_CN12cjcj:codegen10IRBuilder216CreateLandingPadHPujRNat6StringE;_CN12cjcj:codegen10IRBuilder217GetLandingPadTypeHv;_CN12cjcj:codegen10IRBuilder219AddLandingPadClauseHPuPu;_CN12cjcj:codegen10IRBuilder227AddLandingPadCatchAllClauseHPu;_CN12cjcj:codegen10IRBuilder26<init>HCNY_8CGModuleE;_CN12cjcj:codegen17CodeGenBlockScope5closeHv*4;_CN12cjcj:codegen17CodeGenBlockScope6<init>HCNY_10IRBuilder2ECN9cjcj:chir5BlockE;_CN12cjcj:codegen17CodeGenBlockScope8isClosedHv*4;_CN9cjcj:chir5Block13GetExceptionsHv;_CN9cjcj:chir5Block17IsLandingPadBlockHv;_CNac9ArrayListIG_E7isEmptyHv;_CNac9ArrayListIG_E8iteratorHv;_CPI12cjcj:codegen10IRBuilder216CreateLandingPadHPujRNat6StringEE4nameHPuj;llvm.cj.alloca.generic;llvm.cj.gcread.ref*2;llvm.cj.get.exception.wrapper*7;llvm.cj.get.method.outertype;llvm.cj.get.vtable.func;llvm.cj.is.subtype*5;llvm.cj.malloc.object*2;llvm.cj.memset.p0i8;llvm.cj.post.throw.exception*7;llvm.cj.throw.exception*19		_CN12cjcj:codegen17CodeGenBlockScope5closeHv;_CN12cjcj:codegen17CodeGenBlockScope8isClosedHv;llvm.cj.get.exception.wrapper;llvm.cj.is.subtype;llvm.cj.post.throw.exception;llvm.cj.throw.exception*4		0	9	9	1	1	0
_CN12cjcj:codegenUCGFunction$38CreateFunctionWrapperForNoBasePtrCasesHCN9cjcj:chir5ValueECNY0_8CGModuleE	_CN12cjcj:codegen10CGFunction14GetRawFunctionHv;_CN12cjcj:codegen16EmitBasicBlockIRHCNY_8CGModuleECN9cjcj:chir5BlockE;_CN12cjcj:codegen18LLVMNullBasicBlockHv*2;_CN12cjcj:codegen23CodeGenUnwindBlockScope5closeHv*2;_CN12cjcj:codegen23CodeGenUnwindBlockScope6<init>HCNY_8CGModuleEPu;_CN12cjcj:codegen23CodeGenUnwindBlockScope8isClosedHv*2;_CN12cjcj:codegen8CGModule19SetOrUpdateMappedBBHCN9cjcj:chir5BlockEPu;_CN12cjcj:codegen8CGModule21GetOrInsertCGFunctionHCN9cjcj:chir5ValueEb;_CN12cjcj:codegen8CGModule21MapFunctionParametersHCN9cjcj:chir8FunctionECNY_10CGFunctionE;_CN9cjcj:chir10BlockGroup13GetEntryBlockHv;_CN9cjcj:chir10BlockGroup9GetBlocksHv;_CN9cjcj:chir8Function7GetBodyHv;_CNac9ArrayListIG_E8iteratorHv;_CNat6OptionIG_E10getOrThrowHv;llvm.cj.alloca.generic*2;llvm.cj.gcread.ref;llvm.cj.gcwrite.ref;llvm.cj.get.exception.wrapper*5;llvm.cj.get.method.outertype;llvm.cj.get.vtable.func;llvm.cj.is.subtype*4;llvm.cj.malloc.object;llvm.cj.post.throw.exception*5;llvm.cj.throw.exception*11	_CN12cjcj:codegen10CGFunction14GetRawFunctionHv;_CN12cjcj:codegen16EmitBasicBlockIRHCNY_8CGModuleECN9cjcj:chir5BlockE;_CN12cjcj:codegen18LLVMNullBasicBlockHv*2;_CN12cjcj:codegen23CodeGenUnwindBlockScope5closeHv*3;_CN12cjcj:codegen23CodeGenUnwindBlockScope6<init>HCNY_8CGModuleEPu;_CN12cjcj:codegen23CodeGenUnwindBlockScope8isClosedHv*3;_CN12cjcj:codegen8CGModule19SetOrUpdateMappedBBHCN9cjcj:chir5BlockEPu;_CN12cjcj:codegen8CGModule21GetOrInsertCGFunctionHCN9cjcj:chir5ValueEb;_CN12cjcj:codegen8CGModule21MapFunctionParametersHCN9cjcj:chir8FunctionECNY_10CGFunctionE;_CN9cjcj:chir10BlockGroup13GetEntryBlockHv;_CN9cjcj:chir10BlockGroup9GetBlocksHv;_CN9cjcj:chir8Function7GetBodyHv;_CNac9ArrayListIG_E8iteratorHv;_CNat6OptionIG_E10getOrThrowHv;llvm.cj.alloca.generic*2;llvm.cj.gcread.ref;llvm.cj.gcwrite.ref;llvm.cj.get.exception.wrapper*6;llvm.cj.get.method.outertype;llvm.cj.get.vtable.func;llvm.cj.is.subtype*5;llvm.cj.malloc.object;llvm.cj.post.throw.exception*6;llvm.cj.throw.exception*15		_CN12cjcj:codegen23CodeGenUnwindBlockScope5closeHv;_CN12cjcj:codegen23CodeGenUnwindBlockScope8isClosedHv;llvm.cj.get.exception.wrapper;llvm.cj.is.subtype;llvm.cj.post.throw.exception;llvm.cj.throw.exception*4		0	9	9	1	1	0
_CN12cjcj:codegen10IRBuilder216CreateFuncletPadHPuCNac9ArrayListIPuEbRNat6StringE	LLVMBuildCatchPad*2;LLVMBuildCleanupPad*2;_CN12cjcj:codegen13LLVMNullValueHv;_CNac9ArrayListIG_E4sizepgHv*4;_CNac9ArrayListIG_E7isEmptyHv;_CNac9ArrayListIG_EixHl;_CNat15CStringResource5closeHv*2;_CNat15CStringResource8isClosedHv*2;_CNat16CPointerResourceIG_E5closeHv*2;_CNat16CPointerResourceIG_E8isClosedHv*2;_CNat4LibC13mallocCStringHRNat6StringE;_CNat4LibC6mallocIG_Hl;_CNatXPG_10asResourceHv;_CNatXPG_plHl;_CNatXPPu5writeHPu;_CNatXk10asResourceHv;llvm.cj.alloca.generic;llvm.cj.gcread.ref*4;llvm.cj.get.exception.wrapper*10;llvm.cj.is.subtype*6;llvm.cj.memset.p0i8*2;llvm.cj.post.throw.exception*10;llvm.cj.throw.exception*27;llvm.expect.i1;llvm.sadd.with.overflow.i64;rt$CreateOverflowException_msg*5	LLVMBuildCatchPad*2;LLVMBuildCleanupPad*2;_CN12cjcj:codegen13LLVMNullValueHv;_CNac9ArrayListIG_E4sizepgHv*4;_CNac9ArrayListIG_E7isEmptyHv;_CNac9ArrayListIG_EixHl;_CNat15CStringResource5closeHv*2;_CNat15CStringResource8isClosedHv*2;_CNat16CPointerResourceIG_E5closeHv*2;_CNat16CPointerResourceIG_E8isClosedHv*2;_CNat4LibC13mallocCStringHRNat6StringE;_CNat4LibC6mallocIG_Hl;_CNatXPG_10asResourceHv;_CNatXPG_plHl;_CNatXPPu5writeHPu;_CNatXk10asResourceHv;llvm.cj.alloca.generic;llvm.cj.gcread.ref*4;llvm.cj.get.exception.wrapper*10;llvm.cj.is.subtype*6;llvm.cj.memset.p0i8*2;llvm.cj.post.throw.exception*10;llvm.cj.throw.exception*23;llvm.expect.i1;llvm.sadd.with.overflow.i64;rt$CreateOverflowException_msg	llvm.cj.throw.exception*4;rt$CreateOverflowException_msg*4			8	0	8	0	0	0
_CN12cjcj:codegen12addAttributeHPuRNat6StringEY3_	LLVMGlobalObjectAddStringAttribute;_CNat15CStringResource5closeHv*4;_CNat15CStringResource8isClosedHv*4;_CNat4LibC13mallocCStringHRNat6StringE*2;_CNat6String7toArrayHv*2;_CNatXRNat5ArrayIG_E4sizepgHv*2;_CNatXk10asResourceHv*2;llvm.cj.get.exception.wrapper*9;llvm.cj.is.subtype*6;llvm.cj.memset.p0i8*4;llvm.cj.post.throw.exception*9;llvm.cj.throw.exception*25;rt$CreateOverflowException_msg*4	LLVMGlobalObjectAddStringAttribute;_CNat15CStringResource5closeHv*4;_CNat15CStringResource8isClosedHv*4;_CNat4LibC13mallocCStringHRNat6StringE*2;_CNat6String7toArrayHv*2;_CNatXRNat5ArrayIG_E4sizepgHv*2;_CNatXk10asResourceHv*2;llvm.cj.get.exception.wrapper*9;llvm.cj.is.subtype*6;llvm.cj.memset.p0i8*4;llvm.cj.post.throw.exception*9;llvm.cj.throw.exception*21	llvm.cj.throw.exception*4;rt$CreateOverflowException_msg*4			8	0	8	0	0	0
_CN12cjcj:codegen22RemoveAttributeAtIndexHPujRNat6StringE	LLVMRemoveCallSiteEnumAttribute;LLVMRemoveCallSiteStringAttribute;LLVMRemoveEnumAttributeAtIndex;LLVMRemoveStringAttributeAtIndex;_CN12cjcj:codegenUIRAttribute$14IsLLVMFunctionHPu*2;_CN12cjcj:codegenUIRAttribute$16GetAttributeKindHRNat6StringE;_CNat15CStringResource5closeHv*2;_CNat15CStringResource8isClosedHv*2;_CNat4LibC13mallocCStringHRNat6StringE;_CNat6String4sizepgHv*2;_CNat6String7isEmptyHv;_CNatXPG_6isNullHv;_CNatXk10asResourceHv;llvm.cj.get.exception.wrapper*5;llvm.cj.is.subtype*3;llvm.cj.memset.p0i8;llvm.cj.post.throw.exception*5;llvm.cj.throw.exception*15;rt$CreateOverflowException_msg*4	LLVMRemoveCallSiteEnumAttribute;LLVMRemoveCallSiteStringAttribute;LLVMRemoveEnumAttributeAtIndex;LLVMRemoveStringAttributeAtIndex;_CN12cjcj:codegenUIRAttribute$14IsLLVMFunctionHPu*2;_CN12cjcj:codegenUIRAttribute$16GetAttributeKindHRNat6StringE;_CNat15CStringResource5closeHv*2;_CNat15CStringResource8isClosedHv*2;_CNat4LibC13mallocCStringHRNat6StringE;_CNat6String4sizepgHv*2;_CNat6String7isEmptyHv;_CNatXPG_6isNullHv;_CNatXk10asResourceHv;llvm.cj.get.exception.wrapper*5;llvm.cj.is.subtype*3;llvm.cj.memset.p0i8;llvm.cj.post.throw.exception*5;llvm.cj.throw.exception*11	llvm.cj.throw.exception*4;rt$CreateOverflowException_msg*4			8	0	8	0	0	0
_CN12cjcj:codegen25AddStringAttributeAtIndexHPujRNat6StringEY3_	LLVMAddAttributeAtIndex;LLVMAddCallSiteAttribute;LLVMCreateStringAttribute;_CN12cjcj:codegen25HasStringAttributeAtIndexHPujRNat6StringE;_CN12cjcj:codegenUIRAttribute$14IsLLVMFunctionHPu*2;_CN12cjcj:codegenUIRAttribute$19GetLLVMValueContextHPu;_CNat15CStringResource5closeHv*4;_CNat15CStringResource8isClosedHv*4;_CNat4LibC13mallocCStringHRNat6StringE*2;_CNat6String4sizepgHv*2;_CNat6String7isEmptyHv;_CNatXPG_6isNullHv*3;_CNatXk10asResourceHv*2;llvm.cj.get.exception.wrapper*9;llvm.cj.is.subtype*6;llvm.cj.memset.p0i8*2;llvm.cj.post.throw.exception*9;llvm.cj.throw.exception*25;rt$CreateOverflowException_msg*4	LLVMAddAttributeAtIndex;LLVMAddCallSiteAttribute;LLVMCreateStringAttribute;_CN12cjcj:codegen25HasStringAttributeAtIndexHPujRNat6StringE;_CN12cjcj:codegenUIRAttribute$14IsLLVMFunctionHPu*2;_CN12cjcj:codegenUIRAttribute$19GetLLVMValueContextHPu;_CNat15CStringResource5closeHv*4;_CNat15CStringResource8isClosedHv*4;_CNat4LibC13mallocCStringHRNat6StringE*2;_CNat6String4sizepgHv*2;_CNat6String7isEmptyHv;_CNatXPG_6isNullHv*3;_CNatXk10asResourceHv*2;llvm.cj.get.exception.wrapper*9;llvm.cj.is.subtype*6;llvm.cj.memset.p0i8*2;llvm.cj.post.throw.exception*9;llvm.cj.throw.exception*21	llvm.cj.throw.exception*4;rt$CreateOverflowException_msg*4			8	0	8	0	0	0
_CN12cjcj:codegen8CGModule19AddStringModuleFlagHPuRNat6StringEY4_	LLVMAddModuleFlag;LLVMMDStringInContext2;_CN12cjcj:codegen8CGModule14GetLLVMContextHv;_CNat15CStringResource5closeHv*4;_CNat15CStringResource8isClosedHv*4;_CNat4LibC13mallocCStringHRNat6StringE*2;_CNat6String4sizepgHv*2;_CNatXk10asResourceHv*2;llvm.cj.get.exception.wrapper*9;llvm.cj.is.subtype*6;llvm.cj.memset.p0i8*2;llvm.cj.post.throw.exception*9;llvm.cj.throw.exception*25;rt$CreateOverflowException_msg*4	LLVMAddModuleFlag;LLVMMDStringInContext2;_CN12cjcj:codegen8CGModule14GetLLVMContextHv;_CNat15CStringResource5closeHv*4;_CNat15CStringResource8isClosedHv*4;_CNat4LibC13mallocCStringHRNat6StringE*2;_CNat6String4sizepgHv*2;_CNatXk10asResourceHv*2;llvm.cj.get.exception.wrapper*9;llvm.cj.is.subtype*6;llvm.cj.memset.p0i8*2;llvm.cj.post.throw.exception*9;llvm.cj.throw.exception*21	llvm.cj.throw.exception*4;rt$CreateOverflowException_msg*4			8	0	8	0	0	0
_CN12cjcj:codegen9DIBuilder10CreateFileHRNat6StringEY3_	LLVMDIBuilderCreateFile;_CN12cjcj:codegen16LLVMNullMetadataHv;_CNat15CStringResource5closeHv*4;_CNat15CStringResource8isClosedHv*4;_CNat4LibC13mallocCStringHRNat6StringE*2;_CNat6String4sizepgHv*2;_CNatXk10asResourceHv*2;llvm.cj.get.exception.wrapper*9;llvm.cj.is.subtype*6;llvm.cj.memset.p0i8*2;llvm.cj.post.throw.exception*9;llvm.cj.throw.exception*25;rt$CreateOverflowException_msg*4	LLVMDIBuilderCreateFile;_CN12cjcj:codegen16LLVMNullMetadataHv;_CNat15CStringResource5closeHv*4;_CNat15CStringResource8isClosedHv*4;_CNat4LibC13mallocCStringHRNat6StringE*2;_CNat6String4sizepgHv*2;_CNatXk10asResourceHv*2;llvm.cj.get.exception.wrapper*9;llvm.cj.is.subtype*6;llvm.cj.memset.p0i8*2;llvm.cj.post.throw.exception*9;llvm.cj.throw.exception*21	llvm.cj.throw.exception*4;rt$CreateOverflowException_msg*4			8	0	8	0	0	0
_CN12cjcj:codegen9DIBuilder14CreateFunctionHPuRNat6StringEY4_PujPujjjPuPu	LLVMSelfhostDIBuilderCreateFunction;_CN12cjcj:codegen16LLVMNullMetadataHv;_CNat15CStringResource5closeHv*4;_CNat15CStringResource8isClosedHv*4;_CNat4LibC13mallocCStringHRNat6StringE*2;_CNat6String4sizepgHv*2;_CNatXk10asResourceHv*2;llvm.cj.get.exception.wrapper*9;llvm.cj.is.subtype*6;llvm.cj.memset.p0i8*2;llvm.cj.post.throw.exception*9;llvm.cj.throw.exception*25;rt$CreateOverflowException_msg*4	LLVMSelfhostDIBuilderCreateFunction;_CN12cjcj:codegen16LLVMNullMetadataHv;_CNat15CStringResource5closeHv*4;_CNat15CStringResource8isClosedHv*4;_CNat4LibC13mallocCStringHRNat6StringE*2;_CNat6String4sizepgHv*2;_CNatXk10asResourceHv*2;llvm.cj.get.exception.wrapper*9;llvm.cj.is.subtype*6;llvm.cj.memset.p0i8*2;llvm.cj.post.throw.exception*9;llvm.cj.throw.exception*21	llvm.cj.throw.exception*4;rt$CreateOverflowException_msg*4			8	0	8	0	0	0
_CN12cjcj:codegenUCGFunction$35CreateFunctionWrapperForNormalCasesHPuPuCNY0_14CGFunctionTypeECNY0_8CGModuleE	LLVMAppendBasicBlockInContext;LLVMBuildArrayAlloca;LLVMCountParams;LLVMGetIntTypeWidth;LLVMGetParam*2;LLVMGetReturnType;LLVMGetTypeByName2;LLVMGetTypeKind*2;LLVMGlobalGetValueType;LLVMInt64TypeInContext;LLVMInt8TypeInContext*2;LLVMPointerType*2;LLVMSetValueName2;LLVMStructCreateNamed;_CN10cjcj:utils10CJC_ASSERTHb;_CN12cjcj:codegen10IRBuilder210CreateSExtHPuPuRNat6StringE;_CN12cjcj:codegen10IRBuilder210GetBuilderHv;_CN12cjcj:codegen10IRBuilder213CallGCReadAggHPuCNac9ArrayListIPuE;_CN12cjcj:codegen10IRBuilder213CreateBitCastHPuPuRNat6StringE*2;_CN12cjcj:codegen10IRBuilder213CreateRetVoidHv;_CN12cjcj:codegen10IRBuilder214SetInsertPointHPu*2;_CN12cjcj:codegen10IRBuilder218CreateCallOrInvokeHPuCNac9ArrayListIPuERNat6StringE;_CN12cjcj:codegen10IRBuilder219GetSizeFromTypeInfoHPu;_CN12cjcj:codegen10IRBuilder220GetPayloadFromObjectHPu;_CN12cjcj:codegen10IRBuilder221GetTypeInfoFromObjectHPu;_CN12cjcj:codegen10IRBuilder232CreateEntryBasicBlockBeforeFirstHPuRNat6StringE;_CN12cjcj:codegen10IRBuilder26<init>HCNY_8CGModuleEPu;_CN12cjcj:codegen10IRBuilder28CreateBrHPu;_CN12cjcj:codegen10IRBuilder29CreateRetHPu;_CN12cjcj:codegen12LLVMNullTypeHv;_CN12cjcj:codegen12SetCangjieGCHPu;_CN12cjcj:codegen13LLVMNullValueHv;_CN12cjcj:codegen14CGFunctionType10HasBasePtrHv*2;_CN12cjcj:codegen14CGFunctionType12GetParamTypeHl;_CN12cjcj:codegen14CGFunctionType7HasSRetHv;_CN12cjcj:codegen17SetStructTypeBodyHPuCNac9ArrayListIPuE;_CN12cjcj:codegen18LLVMNullBasicBlockHv*2;_CN12cjcj:codegen23CodeGenUnwindBlockScope5closeHv*2;_CN12cjcj:codegen23CodeGenUnwindBlockScope6<init>HCNY_8CGModuleEPu;_CN12cjcj:codegen23CodeGenUnwindBlockScope8isClosedHv*2;_CN12cjcj:codegen5DeRefHCN9cjcj:chir4TypeE;_CN12cjcj:codegen6CGType11GetLLVMTypeHv;_CN12cjcj:codegen6CGType11GetOrCreateHCNY_8CGModuleECN9cjcj:chir4TypeECNY_13TypeExtraInfoE;_CN12cjcj:codegen6CGType11GetOriginalHv;_CN12cjcj:codegen8CGModule12GetCGContextHv*3;_CN12cjcj:codegen8CGModule14GetLLVMContextHv*6;_CN12cjcj:codegen8CGModule32SetExceptionIntrinsicPersonalityHPu;_CN12cjcj:codegen9CGContext17GetCompileOptionsHv;_CN12cjcj:codegen9CGContext19AddCallBaseToInlineHPuPu;_CN12cjcj:codegen9CGContext22AddGeneratedStructTypeHRNat6StringE;_CNac9ArrayListIG_E3addHG_*9;_CNac9ArrayListIG_E4sizepgHv;_CNac9ArrayListIG_E6<init>Hv*4;_CNac9ArrayListIG_EixHl;_CNat15CStringResource5closeHv*8;_CNat15CStringResource8isClosedHv*8;_CNat4LibC13mallocCStringHRNat6StringE*4;_CNat6String4sizepgHv;_CNatXPG_6isNullHv;_CNatXk10asResourceHv*4;_CPI12cjcj:codegen10IRBuilder210CreateSExtHPuPuRNat6StringEE4nameHPuPu;_CPI12cjcj:codegen10IRBuilder213CreateBitCastHPuPuRNat6StringEE4nameHPuPu*2;_CPI12cjcj:codegen10IRBuilder218CreateCallOrInvokeHPuCNac9ArrayListIPuERNat6StringEE4nameHPuY4_;_CPI12cjcj:codegen6CGType11GetOrCreateHCNY_8CGModuleECN9cjcj:chir4TypeECNY_13TypeExtraInfoEE9extraInfoHY3_Y5_;llvm.cj.alloca.generic*10;llvm.cj.get.exception.wrapper*25;llvm.cj.is.subtype*15;llvm.cj.malloc.object*6;llvm.cj.memset.p0i8*8;llvm.cj.post.throw.exception*25;llvm.cj.throw.exception*61;llvm.expect.i1*2;llvm.sadd.with.overflow.i64;llvm.uadd.with.overflow.i32;rt$CreateOverflowException_msg*6	LLVMAppendBasicBlockInContext;LLVMBuildArrayAlloca;LLVMCountParams;LLVMGetIntTypeWidth;LLVMGetParam*2;LLVMGetReturnType;LLVMGetTypeByName2;LLVMGetTypeKind*2;LLVMGlobalGetValueType;LLVMInt64TypeInContext;LLVMInt8TypeInContext*2;LLVMPointerType*2;LLVMSetValueName2;LLVMStructCreateNamed;_CN10cjcj:utils10CJC_ASSERTHb;_CN12cjcj:codegen10IRBuilder210CreateSExtHPuPuRNat6StringE;_CN12cjcj:codegen10IRBuilder210GetBuilderHv;_CN12cjcj:codegen10IRBuilder213CallGCReadAggHPuCNac9ArrayListIPuE;_CN12cjcj:codegen10IRBuilder213CreateBitCastHPuPuRNat6StringE*2;_CN12cjcj:codegen10IRBuilder213CreateRetVoidHv;_CN12cjcj:codegen10IRBuilder214SetInsertPointHPu*2;_CN12cjcj:codegen10IRBuilder218CreateCallOrInvokeHPuCNac9ArrayListIPuERNat6StringE;_CN12cjcj:codegen10IRBuilder219GetSizeFromTypeInfoHPu;_CN12cjcj:codegen10IRBuilder220GetPayloadFromObjectHPu;_CN12cjcj:codegen10IRBuilder221GetTypeInfoFromObjectHPu;_CN12cjcj:codegen10IRBuilder232CreateEntryBasicBlockBeforeFirstHPuRNat6StringE;_CN12cjcj:codegen10IRBuilder26<init>HCNY_8CGModuleEPu;_CN12cjcj:codegen10IRBuilder28CreateBrHPu;_CN12cjcj:codegen10IRBuilder29CreateRetHPu;_CN12cjcj:codegen12LLVMNullTypeHv;_CN12cjcj:codegen12SetCangjieGCHPu;_CN12cjcj:codegen13LLVMNullValueHv;_CN12cjcj:codegen14CGFunctionType10HasBasePtrHv*2;_CN12cjcj:codegen14CGFunctionType12GetParamTypeHl;_CN12cjcj:codegen14CGFunctionType7HasSRetHv;_CN12cjcj:codegen17SetStructTypeBodyHPuCNac9ArrayListIPuE;_CN12cjcj:codegen18LLVMNullBasicBlockHv*2;_CN12cjcj:codegen23CodeGenUnwindBlockScope5closeHv*2;_CN12cjcj:codegen23CodeGenUnwindBlockScope6<init>HCNY_8CGModuleEPu;_CN12cjcj:codegen23CodeGenUnwindBlockScope8isClosedHv*2;_CN12cjcj:codegen5DeRefHCN9cjcj:chir4TypeE;_CN12cjcj:codegen6CGType11GetLLVMTypeHv;_CN12cjcj:codegen6CGType11GetOrCreateHCNY_8CGModuleECN9cjcj:chir4TypeECNY_13TypeExtraInfoE;_CN12cjcj:codegen6CGType11GetOriginalHv;_CN12cjcj:codegen8CGModule12GetCGContextHv*3;_CN12cjcj:codegen8CGModule14GetLLVMContextHv*6;_CN12cjcj:codegen8CGModule32SetExceptionIntrinsicPersonalityHPu;_CN12cjcj:codegen9CGContext17GetCompileOptionsHv;_CN12cjcj:codegen9CGContext19AddCallBaseToInlineHPuPu;_CN12cjcj:codegen9CGContext22AddGeneratedStructTypeHRNat6StringE;_CNac9ArrayListIG_E3addHG_*9;_CNac9ArrayListIG_E4sizepgHv;_CNac9ArrayListIG_E6<init>Hv*4;_CNac9ArrayListIG_EixHl;_CNat15CStringResource5closeHv*8;_CNat15CStringResource8isClosedHv*8;_CNat4LibC13mallocCStringHRNat6StringE*4;_CNat6String4sizepgHv;_CNatXPG_6isNullHv;_CNatXk10asResourceHv*4;_CPI12cjcj:codegen10IRBuilder210CreateSExtHPuPuRNat6StringEE4nameHPuPu;_CPI12cjcj:codegen10IRBuilder213CreateBitCastHPuPuRNat6StringEE4nameHPuPu*2;_CPI12cjcj:codegen10IRBuilder218CreateCallOrInvokeHPuCNac9ArrayListIPuERNat6StringEE4nameHPuY4_;_CPI12cjcj:codegen6CGType11GetOrCreateHCNY_8CGModuleECN9cjcj:chir4TypeECNY_13TypeExtraInfoEE9extraInfoHY3_Y5_;llvm.cj.alloca.generic*10;llvm.cj.get.exception.wrapper*25;llvm.cj.is.subtype*15;llvm.cj.malloc.object*6;llvm.cj.memset.p0i8*8;llvm.cj.post.throw.exception*25;llvm.cj.throw.exception*57;llvm.expect.i1*2;llvm.sadd.with.overflow.i64;llvm.uadd.with.overflow.i32;rt$CreateOverflowException_msg*2	llvm.cj.throw.exception*4;rt$CreateOverflowException_msg*4			8	0	8	0	0	0
_CN12cjcj:codegen10CGEnumType40GenFieldsFnsOfTypeTemplateForOptionLikeTHCNY_8CGModuleERNat6StringE	LLVMAddFunction*2;LLVMConstBitCast;LLVMConstNull;LLVMFunctionType;LLVMGetNamedGlobal;LLVMGetParam*2;LLVMInt32TypeInContext;LLVMInt8TypeInContext;LLVMIsDeclaration;LLVMPointerType*2;LLVMSetLinkage*2;LLVMSetUnnamedAddress*2;_CN12cjcj:codegen10IRBuilder210CreateLoadHPuPuRNat6StringE*2;_CN12cjcj:codegen10IRBuilder212CreateCondBrHPuPuPu;_CN12cjcj:codegen10IRBuilder213CreateBitCastHPuPuRNat6StringE*3;_CN12cjcj:codegen10IRBuilder214SetInsertPointHPu*4;_CN12cjcj:codegen10IRBuilder221CreateEntryBasicBlockHPuRNat6StringE*2;_CN12cjcj:codegen10IRBuilder226CreateAndInsertBasicBlocksHCNac9ArrayListIRNat6StringEE;_CN12cjcj:codegen10IRBuilder229CreateTypeInfoIsReferenceCallHPu;_CN12cjcj:codegen10IRBuilder25closeHv*2;_CN12cjcj:codegen10IRBuilder26<init>HCNY_8CGModuleE;_CN12cjcj:codegen10IRBuilder28isClosedHv*2;_CN12cjcj:codegen10IRBuilder29CreateRetHPu*3;_CN12cjcj:codegen12LLVMNullTypeHv;_CN12cjcj:codegen13LLVMNullValueHv*2;_CN12cjcj:codegen16LLVMLinkageValueHNNY_11LLVMLinkageE*2;_CN12cjcj:codegen20LLVMUnnamedAddrValueHNNY_15LLVMUnnamedAddrE*2;_CN12cjcj:codegen26GenFieldsFnsOfTypeTemplateHCNY_8CGModuleERNat6StringECNac9ArrayListIPuE;_CN12cjcj:codegen6CGType11GetOrCreateHCNY_8CGModuleECN9cjcj:chir4TypeECNY_13TypeExtraInfoE*2;_CN12cjcj:codegen6CGType19GetOrCreateTypeInfoHv*2;_CN12cjcj:codegen6CGType26GetOrCreateTypeInfoPtrTypeHCNY_17LLVMContextHandleE;_CN12cjcj:codegen8CGModule12GetCGContextHv*2;_CN12cjcj:codegen8CGModule13GetLLVMModuleHv;_CN12cjcj:codegen8CGModule14GetLLVMContextHv;_CN12cjcj:codegen9AddFnAttrHPuRNat6StringEY3_*2;_CN12cjcj:codegen9CGContext14GetCHIRBuilderHv*2;_CN9cjcj:chir11CHIRContext9GetBoolTyHv;_CN9cjcj:chir11CHIRContext9GetUnitTyHv;_CNac9ArrayListIG_E3addHG_*2;_CNac9ArrayListIG_E4sizepgHv*3;_CNac9ArrayListIG_E6<init>HCNat10CollectionIG_E*2;_CNac9ArrayListIG_E6<init>Hv;_CNac9ArrayListIG_EixHl*5;_CNat15CStringResource5closeHv*7;_CNat15CStringResource8isClosedHv*7;_CNat16CPointerResourceIG_E5closeHv*2;_CNat16CPointerResourceIG_E8isClosedHv*2;_CNat4LibC13mallocCStringHRNat6StringE*3;_CNat4LibC6mallocIG_Hl;_CNat5ArrayIG_E6<init>HA0_G_ll*2;_CNat6StringplHRNatY0_E*3;_CNatXPG_10asResourceHv;_CNatXPG_6isNullHv;_CNatXPG_plHl;_CNatXPPu5writeHPu;_CNatXk10asResourceHv*3;_CPI12cjcj:codegen10IRBuilder210CreateLoadHPuPuRNat6StringEE4nameHPuPu*2;_CPI12cjcj:codegen10IRBuilder213CreateBitCastHPuPuRNat6StringEE4nameHPuPu*3;_CPI12cjcj:codegen6CGType11GetOrCreateHCNY_8CGModuleECN9cjcj:chir4TypeECNY_13TypeExtraInfoEE9extraInfoHY3_Y5_*2;_CPI12cjcj:codegen9AddFnAttrHPuRNat6StringEY3_E9attrValueHPuY3_*2;llvm.cj.alloca.generic*7;llvm.cj.gcread.ref*2;llvm.cj.gcwrite.struct.p0i8.i64*4;llvm.cj.get.exception.wrapper*26;llvm.cj.is.subtype*16;llvm.cj.malloc.array*2;llvm.cj.malloc.object*6;llvm.cj.memset.p0i8*18;llvm.cj.post.throw.exception*26;llvm.cj.throw.exception*62;llvm.expect.i1;llvm.memcpy.p0i8.p0i8.i64*2;llvm.sadd.with.overflow.i64;rt$CreateOverflowException_msg*3	LLVMAddFunction*2;LLVMConstBitCast;LLVMConstNull;LLVMFunctionType;LLVMGetNamedGlobal;LLVMGetParam*2;LLVMInt32TypeInContext;LLVMInt8TypeInContext;LLVMIsDeclaration;LLVMPointerType*2;LLVMSetLinkage*2;LLVMSetUnnamedAddress*2;_CN12cjcj:codegen10IRBuilder210CreateLoadHPuPuRNat6StringE*2;_CN12cjcj:codegen10IRBuilder212CreateCondBrHPuPuPu;_CN12cjcj:codegen10IRBuilder213CreateBitCastHPuPuRNat6StringE*3;_CN12cjcj:codegen10IRBuilder214SetInsertPointHPu*4;_CN12cjcj:codegen10IRBuilder221CreateEntryBasicBlockHPuRNat6StringE*2;_CN12cjcj:codegen10IRBuilder226CreateAndInsertBasicBlocksHCNac9ArrayListIRNat6StringEE;_CN12cjcj:codegen10IRBuilder229CreateTypeInfoIsReferenceCallHPu;_CN12cjcj:codegen10IRBuilder25closeHv*2;_CN12cjcj:codegen10IRBuilder26<init>HCNY_8CGModuleE;_CN12cjcj:codegen10IRBuilder28isClosedHv*2;_CN12cjcj:codegen10IRBuilder29CreateRetHPu*3;_CN12cjcj:codegen12LLVMNullTypeHv;_CN12cjcj:codegen13LLVMNullValueHv*2;_CN12cjcj:codegen16LLVMLinkageValueHNNY_11LLVMLinkageE*2;_CN12cjcj:codegen20LLVMUnnamedAddrValueHNNY_15LLVMUnnamedAddrE*2;_CN12cjcj:codegen26GenFieldsFnsOfTypeTemplateHCNY_8CGModuleERNat6StringECNac9ArrayListIPuE;_CN12cjcj:codegen6CGType11GetOrCreateHCNY_8CGModuleECN9cjcj:chir4TypeECNY_13TypeExtraInfoE*2;_CN12cjcj:codegen6CGType19GetOrCreateTypeInfoHv*2;_CN12cjcj:codegen6CGType26GetOrCreateTypeInfoPtrTypeHCNY_17LLVMContextHandleE;_CN12cjcj:codegen8CGModule12GetCGContextHv*2;_CN12cjcj:codegen8CGModule13GetLLVMModuleHv;_CN12cjcj:codegen8CGModule14GetLLVMContextHv;_CN12cjcj:codegen9AddFnAttrHPuRNat6StringEY3_*2;_CN12cjcj:codegen9CGContext14GetCHIRBuilderHv*2;_CN9cjcj:chir11CHIRContext9GetBoolTyHv;_CN9cjcj:chir11CHIRContext9GetUnitTyHv;_CNac9ArrayListIG_E3addHG_*2;_CNac9ArrayListIG_E4sizepgHv*3;_CNac9ArrayListIG_E6<init>HCNat10CollectionIG_E*2;_CNac9ArrayListIG_E6<init>Hv;_CNac9ArrayListIG_EixHl*5;_CNat15CStringResource5closeHv*7;_CNat15CStringResource8isClosedHv*7;_CNat16CPointerResourceIG_E5closeHv*2;_CNat16CPointerResourceIG_E8isClosedHv*2;_CNat4LibC13mallocCStringHRNat6StringE*3;_CNat4LibC6mallocIG_Hl;_CNat5ArrayIG_E6<init>HA0_G_ll*2;_CNat6StringplHRNatY0_E*3;_CNatXPG_10asResourceHv;_CNatXPG_6isNullHv;_CNatXPG_plHl;_CNatXPPu5writeHPu;_CNatXk10asResourceHv*3;_CPI12cjcj:codegen10IRBuilder210CreateLoadHPuPuRNat6StringEE4nameHPuPu*2;_CPI12cjcj:codegen10IRBuilder213CreateBitCastHPuPuRNat6StringEE4nameHPuPu*3;_CPI12cjcj:codegen6CGType11GetOrCreateHCNY_8CGModuleECN9cjcj:chir4TypeECNY_13TypeExtraInfoEE9extraInfoHY3_Y5_*2;_CPI12cjcj:codegen9AddFnAttrHPuRNat6StringEY3_E9attrValueHPuY3_*2;llvm.cj.alloca.generic*7;llvm.cj.gcread.ref*2;llvm.cj.gcwrite.struct.p0i8.i64*4;llvm.cj.get.exception.wrapper*26;llvm.cj.is.subtype*16;llvm.cj.malloc.array*2;llvm.cj.malloc.object*6;llvm.cj.memset.p0i8*18;llvm.cj.post.throw.exception*26;llvm.cj.throw.exception*60;llvm.expect.i1;llvm.memcpy.p0i8.p0i8.i64*2;llvm.sadd.with.overflow.i64;rt$CreateOverflowException_msg	llvm.cj.throw.exception*2;rt$CreateOverflowException_msg*2			4	0	4	0	0	0
_CN12cjcj:codegen10CGEnumType41GetAndroidArm32AssociatedNonRefLayoutTypeHCNY_8CGModuleECNac9ArrayListICN9cjcj:chir4TypeEE	LLVMStructTypeInContext*2;_CN12cjcj:codegen12LLVMNullTypeHv;_CN12cjcj:codegen5DeRefHCN9cjcj:chir4TypeE;_CN12cjcj:codegen6CGType11GetLLVMTypeHv;_CN12cjcj:codegen6CGType11GetOrCreateHCNY_8CGModuleECN9cjcj:chir4TypeECNY_13TypeExtraInfoE;_CN12cjcj:codegen8CGModule14GetLLVMContextHv*2;_CNac9ArrayListIG_E3addHG_;_CNac9ArrayListIG_E4sizepgHv*3;_CNac9ArrayListIG_E6<init>Hv;_CNac9ArrayListIG_E7isEmptyHv;_CNac9ArrayListIG_E8iteratorHv;_CNac9ArrayListIG_EixHl;_CNat16CPointerResourceIG_E5closeHv*2;_CNat16CPointerResourceIG_E8isClosedHv*2;_CNat4LibC6mallocIG_Hl;_CNatXPG_10asResourceHv;_CNatXPG_plHl;_CNatXPPu5writeHPu;_CPI12cjcj:codegen6CGType11GetOrCreateHCNY_8CGModuleECN9cjcj:chir4TypeECNY_13TypeExtraInfoEE9extraInfoHY3_Y5_;llvm.cj.alloca.generic*3;llvm.cj.gcread.ref;llvm.cj.get.exception.wrapper*5;llvm.cj.get.method.outertype;llvm.cj.get.vtable.func;llvm.cj.is.subtype*3;llvm.cj.malloc.object;llvm.cj.memset.p0i8;llvm.cj.post.throw.exception*5;llvm.cj.throw.exception*14;llvm.expect.i1;llvm.sadd.with.overflow.i64;rt$CreateOverflowException_msg*3	LLVMStructTypeInContext*2;_CN12cjcj:codegen12LLVMNullTypeHv;_CN12cjcj:codegen5DeRefHCN9cjcj:chir4TypeE;_CN12cjcj:codegen6CGType11GetLLVMTypeHv;_CN12cjcj:codegen6CGType11GetOrCreateHCNY_8CGModuleECN9cjcj:chir4TypeECNY_13TypeExtraInfoE;_CN12cjcj:codegen8CGModule14GetLLVMContextHv*2;_CNac9ArrayListIG_E3addHG_;_CNac9ArrayListIG_E4sizepgHv*3;_CNac9ArrayListIG_E6<init>Hv;_CNac9ArrayListIG_E7isEmptyHv;_CNac9ArrayListIG_E8iteratorHv;_CNac9ArrayListIG_EixHl;_CNat16CPointerResourceIG_E5closeHv*2;_CNat16CPointerResourceIG_E8isClosedHv*2;_CNat4LibC6mallocIG_Hl;_CNatXPG_10asResourceHv;_CNatXPG_plHl;_CNatXPPu5writeHPu;_CPI12cjcj:codegen6CGType11GetOrCreateHCNY_8CGModuleECN9cjcj:chir4TypeECNY_13TypeExtraInfoEE9extraInfoHY3_Y5_;llvm.cj.alloca.generic*3;llvm.cj.gcread.ref;llvm.cj.get.exception.wrapper*5;llvm.cj.get.method.outertype;llvm.cj.get.vtable.func;llvm.cj.is.subtype*3;llvm.cj.malloc.object;llvm.cj.memset.p0i8;llvm.cj.post.throw.exception*5;llvm.cj.throw.exception*12;llvm.expect.i1;llvm.sadd.with.overflow.i64;rt$CreateOverflowException_msg	llvm.cj.throw.exception*2;rt$CreateOverflowException_msg*2			4	0	4	1	1	0
_CN12cjcj:codegen10CGFunction32AddZeroInitForStructWithRefFieldHCNY_8CGModuleEPu	LLVMGetAllocatedType;LLVMGetBasicBlockTerminator*2;LLVMGetFirstBasicBlock;LLVMGetFirstInstruction;LLVMGetInstructionOpcode;LLVMGetInstructionParent*4;LLVMGetNextInstruction;LLVMGetTypeKind;LLVMIsDeclaration;LLVMSelfhostCreateLoopInfo;LLVMSelfhostDisposeLoopInfo;LLVMSelfhostGetBasicBlockPredecessorCount;LLVMSelfhostGetBasicBlockPredecessors;LLVMSelfhostGetFirstUse*2;LLVMSelfhostGetNextUse*2;LLVMSelfhostGetUserInstruction*2;LLVMSelfhostInstructionComesBefore;LLVMSelfhostLoopContainsBasicBlock;LLVMSelfhostLoopGetHeader;LLVMSelfhostLoopGetOutermostLoop;LLVMSelfhostLoopInfoGetLoopFor;_CN10cjcj:utils10CJC_ASSERTHb*5;_CN12cjcj:codegen10CGFunction37GetNearestCommonAncestorOfBasicBlocksHCNac9ArrayListIPuE;_CN12cjcj:codegen10IRBuilder220SetInsertPointBeforeHPu*2;_CN12cjcj:codegen10IRBuilder221IsLLVMTypeContainsRefHPu;_CN12cjcj:codegen10IRBuilder225CreateCJMemsetStructWith0HPuPu*2;_CN12cjcj:codegen10IRBuilder25closeHv;_CN12cjcj:codegen10IRBuilder26<init>HCNY_8CGModuleE;_CNac9ArrayListIG_E3addHG_*2;_CNac9ArrayListIG_E6<init>Hv*2;_CNac9ArrayListIG_E7isEmptyHv;_CNac9ArrayListIG_E8iteratorHv*2;_CNat16CPointerResourceIG_E5closeHv*2;_CNat16CPointerResourceIG_E8isClosedHv*2;_CNat4LibC6mallocIG_Hl;_CNatXPG_10asResourceHv;_CNatXPG_12toUIntNativeHv*4;_CNatXPG_6isNullHv*14;_CNatXPG_plHl;_CNatXPPu4readHv;llvm.cj.alloca.generic*4;llvm.cj.get.exception.wrapper*5;llvm.cj.get.method.outertype*2;llvm.cj.get.vtable.func*2;llvm.cj.is.subtype*3;llvm.cj.malloc.object*3;llvm.cj.memset.p0i8;llvm.cj.post.throw.exception*5;llvm.cj.throw.exception*14;llvm.expect.i1;llvm.memcpy.p0i8.p0i8.i64;llvm.memcpy.p0i8.p1i8.i64*2;llvm.memcpy.p1i8.p0i8.i64;llvm.uadd.with.overflow.i32;rt$CreateOverflowException_msg*3	LLVMGetAllocatedType;LLVMGetBasicBlockTerminator*2;LLVMGetFirstBasicBlock;LLVMGetFirstInstruction;LLVMGetInstructionOpcode;LLVMGetInstructionParent*4;LLVMGetNextInstruction;LLVMGetTypeKind;LLVMIsDeclaration;LLVMSelfhostCreateLoopInfo;LLVMSelfhostDisposeLoopInfo;LLVMSelfhostGetBasicBlockPredecessorCount;LLVMSelfhostGetBasicBlockPredecessors;LLVMSelfhostGetFirstUse*2;LLVMSelfhostGetNextUse*2;LLVMSelfhostGetUserInstruction*2;LLVMSelfhostInstructionComesBefore;LLVMSelfhostLoopContainsBasicBlock;LLVMSelfhostLoopGetHeader;LLVMSelfhostLoopGetOutermostLoop;LLVMSelfhostLoopInfoGetLoopFor;_CN10cjcj:utils10CJC_ASSERTHb*5;_CN12cjcj:codegen10CGFunction37GetNearestCommonAncestorOfBasicBlocksHCNac9ArrayListIPuE;_CN12cjcj:codegen10IRBuilder220SetInsertPointBeforeHPu*2;_CN12cjcj:codegen10IRBuilder221IsLLVMTypeContainsRefHPu;_CN12cjcj:codegen10IRBuilder225CreateCJMemsetStructWith0HPuPu*2;_CN12cjcj:codegen10IRBuilder25closeHv;_CN12cjcj:codegen10IRBuilder26<init>HCNY_8CGModuleE;_CNac9ArrayListIG_E3addHG_*2;_CNac9ArrayListIG_E6<init>Hv*2;_CNac9ArrayListIG_E7isEmptyHv;_CNac9ArrayListIG_E8iteratorHv*2;_CNat16CPointerResourceIG_E5closeHv*2;_CNat16CPointerResourceIG_E8isClosedHv*2;_CNat4LibC6mallocIG_Hl;_CNatXPG_10asResourceHv;_CNatXPG_12toUIntNativeHv*4;_CNatXPG_6isNullHv*14;_CNatXPG_plHl;_CNatXPPu4readHv;llvm.cj.alloca.generic*4;llvm.cj.get.exception.wrapper*5;llvm.cj.get.method.outertype*2;llvm.cj.get.vtable.func*2;llvm.cj.is.subtype*3;llvm.cj.malloc.object*3;llvm.cj.memset.p0i8;llvm.cj.post.throw.exception*5;llvm.cj.throw.exception*12;llvm.expect.i1;llvm.memcpy.p0i8.p0i8.i64;llvm.memcpy.p0i8.p1i8.i64*2;llvm.memcpy.p1i8.p0i8.i64;llvm.uadd.with.overflow.i32;rt$CreateOverflowException_msg	llvm.cj.throw.exception*2;rt$CreateOverflowException_msg*2			4	0	4	2	2	0
_CN12cjcj:codegen10CGFunction37GetNearestCommonAncestorOfBasicBlocksHCNac9ArrayListIPuE	LLVMSelfhostGetNearestCommonAncestorOfBasicBlocks;_CN12cjcj:codegen18LLVMNullBasicBlockHv*2;_CNac9ArrayListIG_E4sizepgHv*3;_CNac9ArrayListIG_E7isEmptyHv;_CNac9ArrayListIG_EixHl;_CNat16CPointerResourceIG_E5closeHv*2;_CNat16CPointerResourceIG_E8isClosedHv*2;_CNat4LibC6mallocIG_Hl;_CNatXPG_10asResourceHv;_CNatXPG_plHl;_CNatXPPu5writeHPu;llvm.cj.alloca.generic;llvm.cj.get.exception.wrapper*5;llvm.cj.is.subtype*3;llvm.cj.memset.p0i8;llvm.cj.post.throw.exception*5;llvm.cj.throw.exception*14;llvm.expect.i1;llvm.sadd.with.overflow.i64;rt$CreateOverflowException_msg*3	LLVMSelfhostGetNearestCommonAncestorOfBasicBlocks;_CN12cjcj:codegen18LLVMNullBasicBlockHv*2;_CNac9ArrayListIG_E4sizepgHv*3;_CNac9ArrayListIG_E7isEmptyHv;_CNac9ArrayListIG_EixHl;_CNat16CPointerResourceIG_E5closeHv*2;_CNat16CPointerResourceIG_E8isClosedHv*2;_CNat4LibC6mallocIG_Hl;_CNatXPG_10asResourceHv;_CNatXPG_plHl;_CNatXPPu5writeHPu;llvm.cj.alloca.generic;llvm.cj.get.exception.wrapper*5;llvm.cj.is.subtype*3;llvm.cj.memset.p0i8;llvm.cj.post.throw.exception*5;llvm.cj.throw.exception*12;llvm.expect.i1;llvm.sadd.with.overflow.i64;rt$CreateOverflowException_msg	llvm.cj.throw.exception*2;rt$CreateOverflowException_msg*2			4	0	4	0	0	0
_CN12cjcj:codegen10CGFunction6<init>HPuCNY_6CGTypeECN9cjcj:chir5ValueECNY_8CGModuleE	LLVMGetParam*2;LLVMGetValueName;LLVMInt8TypeInContext;LLVMSetValueName2;_CN12cjcj:codegen13LLVMNullValueHv;_CN12cjcj:codegen14CGFunctionType33GetStructParamNeedsBasePtrIndicesHv;_CN12cjcj:codegen14CGFunctionType7HasSRetHv;_CN12cjcj:codegen16AddSRetAttributeHPuPu;_CN12cjcj:codegen17LLVMCreateMDTupleHCNY_17LLVMContextHandleECNac9ArrayListIPuE;_CN12cjcj:codegen19AddNoAliasAttributeHPu;_CN12cjcj:codegen19LLVMCStringToStringHk;_CN12cjcj:codegen26LLVMSetInstructionMetadataHCNY_17LLVMContextHandleEPuRNat6StringEPu;_CN12cjcj:codegen6CGType11GetLLVMTypeHv;_CN12cjcj:codegen6CGType11GetOriginalHv*2;_CN12cjcj:codegen6CGType18GetContainedTypeAtHm;_CN12cjcj:codegen6CGType21GetPointerElementTypeHv;_CN12cjcj:codegen6CGType7GetSizeHv;_CN12cjcj:codegen7CGValue6<init>HPuCNY_6CGTypeEb;_CN12cjcj:codegen8CGModule12GetCGContextHv;_CN12cjcj:codegen8CGModule14GetLLVMContextHv*3;_CN12cjcj:codegen9AddFnAttrHPuRNat6StringEY3_*3;_CN12cjcj:codegen9CGContext10SetBasePtrHPuPu;_CN12cjcj:codegenUCGFunction$21CreateFunctionWrapperHPuCNY0_14CGFunctionTypeECN9cjcj:chir5ValueECNY0_8CGModuleE;_CN9cjcj:chir4Base8TestAttrHNNY_9AttributeE*2;_CN9cjcj:chir4Type9IsGenericHv;_CN9cjcj:chir8FuncType7IsCFuncHv;_CN9cjcj:chir8Function12IsFastNativeHv;_CNac15HashMapIteratorIG_G0_E4nextHv;_CNac7HashMapIG_G0_E6<init>Hv*2;_CNac7HashMapIG_G0_E8iteratorHv;_CNac9ArrayListIG_E7isEmptyHv;_CNat15CStringResource5closeHv*2;_CNat15CStringResource8isClosedHv*2;_CNat4LibC13mallocCStringHRNat6StringE;_CNat6OptionIG_E10getOrThrowHv*2;_CNat6OptionIG_E6isNoneHv;_CNat6String4sizepgHv;_CNat6StringplHRNatY0_E;_CNatXk10asResourceHv;_CPI12cjcj:codegen7CGValue4initHPuCNY_6CGTypeEbE9isSRetArgHPuY4_;_CPI12cjcj:codegen9AddFnAttrHPuRNat6StringEY3_E9attrValueHPuY3_*3;llvm.cj.alloca.generic*4;llvm.cj.gcread.ref*3;llvm.cj.gcread.static.struct.i64*4;llvm.cj.gcwrite.ref*7;llvm.cj.get.exception.wrapper*5;llvm.cj.is.subtype*6;llvm.cj.malloc.object*2;llvm.cj.memset.p0i8*13;llvm.cj.post.throw.exception*5;llvm.cj.throw.exception*18;llvm.expect.i1;llvm.memcpy.p0i8.p0i8.i64*5;llvm.memcpy.p0i8.p1i8.i64;llvm.memcpy.p1i8.p0i8.i64;llvm.sadd.with.overflow.i64;rt$CreateOverflowException_msg*7	LLVMGetParam*2;LLVMGetValueName;LLVMInt8TypeInContext;LLVMSetValueName2;_CN12cjcj:codegen13LLVMNullValueHv;_CN12cjcj:codegen14CGFunctionType33GetStructParamNeedsBasePtrIndicesHv;_CN12cjcj:codegen14CGFunctionType7HasSRetHv;_CN12cjcj:codegen16AddSRetAttributeHPuPu;_CN12cjcj:codegen17LLVMCreateMDTupleHCNY_17LLVMContextHandleECNac9ArrayListIPuE;_CN12cjcj:codegen19AddNoAliasAttributeHPu;_CN12cjcj:codegen19LLVMCStringToStringHk;_CN12cjcj:codegen26LLVMSetInstructionMetadataHCNY_17LLVMContextHandleEPuRNat6StringEPu;_CN12cjcj:codegen6CGType11GetLLVMTypeHv;_CN12cjcj:codegen6CGType11GetOriginalHv*2;_CN12cjcj:codegen6CGType18GetContainedTypeAtHm;_CN12cjcj:codegen6CGType21GetPointerElementTypeHv;_CN12cjcj:codegen6CGType7GetSizeHv;_CN12cjcj:codegen7CGValue6<init>HPuCNY_6CGTypeEb;_CN12cjcj:codegen8CGModule12GetCGContextHv;_CN12cjcj:codegen8CGModule14GetLLVMContextHv*3;_CN12cjcj:codegen9AddFnAttrHPuRNat6StringEY3_*3;_CN12cjcj:codegen9CGContext10SetBasePtrHPuPu;_CN12cjcj:codegenUCGFunction$21CreateFunctionWrapperHPuCNY0_14CGFunctionTypeECN9cjcj:chir5ValueECNY0_8CGModuleE;_CN9cjcj:chir4Base8TestAttrHNNY_9AttributeE*2;_CN9cjcj:chir4Type9IsGenericHv;_CN9cjcj:chir8FuncType7IsCFuncHv;_CN9cjcj:chir8Function12IsFastNativeHv;_CNac15HashMapIteratorIG_G0_E4nextHv;_CNac7HashMapIG_G0_E6<init>Hv*2;_CNac7HashMapIG_G0_E8iteratorHv;_CNac9ArrayListIG_E7isEmptyHv;_CNat15CStringResource5closeHv*2;_CNat15CStringResource8isClosedHv*2;_CNat4LibC13mallocCStringHRNat6StringE;_CNat6OptionIG_E10getOrThrowHv*2;_CNat6OptionIG_E6isNoneHv;_CNat6String4sizepgHv;_CNat6StringplHRNatY0_E;_CNatXk10asResourceHv;_CPI12cjcj:codegen7CGValue4initHPuCNY_6CGTypeEbE9isSRetArgHPuY4_;_CPI12cjcj:codegen9AddFnAttrHPuRNat6StringEY3_E9attrValueHPuY3_*3;llvm.cj.alloca.generic*4;llvm.cj.gcread.ref*3;llvm.cj.gcread.static.struct.i64*4;llvm.cj.gcwrite.ref*7;llvm.cj.get.exception.wrapper*5;llvm.cj.is.subtype*6;llvm.cj.malloc.object*2;llvm.cj.memset.p0i8*13;llvm.cj.post.throw.exception*5;llvm.cj.throw.exception*16;llvm.expect.i1;llvm.memcpy.p0i8.p0i8.i64*5;llvm.memcpy.p0i8.p1i8.i64;llvm.memcpy.p1i8.p0i8.i64;llvm.sadd.with.overflow.i64;rt$CreateOverflowException_msg*5	llvm.cj.throw.exception*2;rt$CreateOverflowException_msg*2			4	0	4	0	0	0
_CN12cjcj:codegen10IRBuilder210CreateCallHPuPuCNac9ArrayListIPuERNat6StringE	LLVMSelfhostCreateCall*2;_CN12cjcj:codegen13LLVMNullValueHv;_CNac9ArrayListIG_E4sizepgHv*3;_CNac9ArrayListIG_E7isEmptyHv;_CNac9ArrayListIG_EixHl;_CNat15CStringResource5closeHv*2;_CNat15CStringResource8isClosedHv*2;_CNat16CPointerResourceIG_E5closeHv*2;_CNat16CPointerResourceIG_E8isClosedHv*2;_CNat4LibC13mallocCStringHRNat6StringE;_CNat4LibC6mallocIG_Hl;_CNatXPG_10asResourceHv;_CNatXPG_plHl;_CNatXPPu5writeHPu;_CNatXk10asResourceHv;llvm.cj.alloca.generic;llvm.cj.gcread.ref*2;llvm.cj.get.exception.wrapper*10;llvm.cj.is.subtype*6;llvm.cj.memset.p0i8*2;llvm.cj.post.throw.exception*10;llvm.cj.throw.exception*25;llvm.expect.i1;llvm.sadd.with.overflow.i64;rt$CreateOverflowException_msg*3	LLVMSelfhostCreateCall*2;_CN12cjcj:codegen13LLVMNullValueHv;_CNac9ArrayListIG_E4sizepgHv*3;_CNac9ArrayListIG_E7isEmptyHv;_CNac9ArrayListIG_EixHl;_CNat15CStringResource5closeHv*2;_CNat15CStringResource8isClosedHv*2;_CNat16CPointerResourceIG_E5closeHv*2;_CNat16CPointerResourceIG_E8isClosedHv*2;_CNat4LibC13mallocCStringHRNat6StringE;_CNat4LibC6mallocIG_Hl;_CNatXPG_10asResourceHv;_CNatXPG_plHl;_CNatXPPu5writeHPu;_CNatXk10asResourceHv;llvm.cj.alloca.generic;llvm.cj.gcread.ref*2;llvm.cj.get.exception.wrapper*10;llvm.cj.is.subtype*6;llvm.cj.memset.p0i8*2;llvm.cj.post.throw.exception*10;llvm.cj.throw.exception*23;llvm.expect.i1;llvm.sadd.with.overflow.i64;rt$CreateOverflowException_msg	llvm.cj.throw.exception*2;rt$CreateOverflowException_msg*2			4	0	4	0	0	0
_CN12cjcj:codegen10IRBuilder211AddIncomingHPuCNac9ArrayListIPuEY4_	LLVMAddIncoming;_CNac9ArrayListIG_E4sizepgHv*6;_CNac9ArrayListIG_E7isEmptyHv;_CNac9ArrayListIG_EixHl*2;_CNat16CPointerResourceIG_E5closeHv*4;_CNat16CPointerResourceIG_E8isClosedHv*4;_CNat24IllegalArgumentException6<init>HRNat6StringE;_CNat4LibC6mallocIG_Hl*2;_CNatXPG_10asResourceHv*2;_CNatXPG_plHl*2;_CNatXPPu5writeHPu*2;llvm.cj.alloca.generic*2;llvm.cj.get.exception.wrapper*10;llvm.cj.is.subtype*6;llvm.cj.malloc.object;llvm.cj.memset.p0i8*2;llvm.cj.post.throw.exception*10;llvm.cj.throw.exception*26;llvm.expect.i1;llvm.sadd.with.overflow.i64;rt$CreateOverflowException_msg*3	LLVMAddIncoming;_CNac9ArrayListIG_E4sizepgHv*6;_CNac9ArrayListIG_E7isEmptyHv;_CNac9ArrayListIG_EixHl*2;_CNat16CPointerResourceIG_E5closeHv*4;_CNat16CPointerResourceIG_E8isClosedHv*4;_CNat24IllegalArgumentException6<init>HRNat6StringE;_CNat4LibC6mallocIG_Hl*2;_CNatXPG_10asResourceHv*2;_CNatXPG_plHl*2;_CNatXPPu5writeHPu*2;llvm.cj.alloca.generic*2;llvm.cj.get.exception.wrapper*10;llvm.cj.is.subtype*6;llvm.cj.malloc.object;llvm.cj.memset.p0i8*2;llvm.cj.post.throw.exception*10;llvm.cj.throw.exception*24;llvm.expect.i1;llvm.sadd.with.overflow.i64;rt$CreateOverflowException_msg	llvm.cj.throw.exception*2;rt$CreateOverflowException_msg*2			4	0	4	0	0	0
_CN12cjcj:codegen10IRBuilder212CreateInvokeHPuPuPuPuCNac9ArrayListIPuERNat6StringE	LLVMBuildInvoke2*2;_CN12cjcj:codegen13LLVMNullValueHv;_CNac9ArrayListIG_E4sizepgHv*3;_CNac9ArrayListIG_E7isEmptyHv;_CNac9ArrayListIG_EixHl;_CNat15CStringResource5closeHv*2;_CNat15CStringResource8isClosedHv*2;_CNat16CPointerResourceIG_E5closeHv*2;_CNat16CPointerResourceIG_E8isClosedHv*2;_CNat4LibC13mallocCStringHRNat6StringE;_CNat4LibC6mallocIG_Hl;_CNatXPG_10asResourceHv;_CNatXPG_plHl;_CNatXPPu5writeHPu;_CNatXk10asResourceHv;llvm.cj.alloca.generic;llvm.cj.gcread.ref*2;llvm.cj.get.exception.wrapper*10;llvm.cj.is.subtype*6;llvm.cj.memset.p0i8*2;llvm.cj.post.throw.exception*10;llvm.cj.throw.exception*25;llvm.expect.i1;llvm.sadd.with.overflow.i64;rt$CreateOverflowException_msg*3	LLVMBuildInvoke2*2;_CN12cjcj:codegen13LLVMNullValueHv;_CNac9ArrayListIG_E4sizepgHv*3;_CNac9ArrayListIG_E7isEmptyHv;_CNac9ArrayListIG_EixHl;_CNat15CStringResource5closeHv*2;_CNat15CStringResource8isClosedHv*2;_CNat16CPointerResourceIG_E5closeHv*2;_CNat16CPointerResourceIG_E8isClosedHv*2;_CNat4LibC13mallocCStringHRNat6StringE;_CNat4LibC6mallocIG_Hl;_CNatXPG_10asResourceHv;_CNatXPG_plHl;_CNatXPPu5writeHPu;_CNatXk10asResourceHv;llvm.cj.alloca.generic;llvm.cj.gcread.ref*2;llvm.cj.get.exception.wrapper*10;llvm.cj.is.subtype*6;llvm.cj.memset.p0i8*2;llvm.cj.post.throw.exception*10;llvm.cj.throw.exception*23;llvm.expect.i1;llvm.sadd.with.overflow.i64;rt$CreateOverflowException_msg	llvm.cj.throw.exception*2;rt$CreateOverflowException_msg*2			4	0	4	0	0	0
_CN12cjcj:codegen10IRBuilder214CreateTypeInfoHCN9cjcj:chir4TypeECNac7HashMapIlF0PuCNY_Y0_EEEb	LLVMConstInt;LLVMGetParam*2;LLVMInt32TypeInContext;LLVMInt8TypeInContext;LLVMIsAGlobalVariable;LLVMPointerType*2;LLVMSelfhostGetInsertPointInstruction*2;LLVMTypeOf;_CN12cjcj:codegen10CGFunction14GetRawFunctionHv*2;_CN12cjcj:codegen10CGFunction17GetCGFunctionTypeHv;_CN12cjcj:codegen10CGFunction6IsSRetHv;_CN12cjcj:codegen10IRBuilder210CreateLoadHPuPuRNat6StringE;_CN12cjcj:codegen10IRBuilder212GetCGContextHv;_CN12cjcj:codegen10IRBuilder213CreateBitCastHPuPuRNat6StringE;_CN12cjcj:codegen10IRBuilder214GetInsertBlockHv*2;_CN12cjcj:codegen10IRBuilder214GetLLVMContextHv*3;_CN12cjcj:codegen10IRBuilder217GetInsertFunctionHv;_CN12cjcj:codegen10IRBuilder218RestoreInsertPointHPuPu*2;_CN12cjcj:codegen10IRBuilder219CreateTypeInfoArrayHCNac9ArrayListICN9cjcj:chir4TypeEECNac7HashMapIlF0PuCNY_Y0_EEE;_CN12cjcj:codegen10IRBuilder221GetTypeInfoFromObjectHPu;_CN12cjcj:codegen10IRBuilder224CallGetTypeInfoIntrinsicHCNac9ArrayListIPuE;_CN12cjcj:codegen10IRBuilder234SetInsertPointForPreparingTypeInfoHv*2;_CN12cjcj:codegen10IRBuilder235IRBuilderRuntimeTypeTemplateAndArgsHCN9cjcj:chir4TypeE;_CN12cjcj:codegen13LLVMNullValueHv;_CN12cjcj:codegen14CGFunctionType12IsMethodTypeHv;_CN12cjcj:codegen14CGFunctionType18IsStaticMethodTypeHv;_CN12cjcj:codegen14CGFunctionType28GetStaticMethodTypeInfoIndexHv;_CN12cjcj:codegen16LLVMNullMetadataHv;_CN12cjcj:codegen33TemporarilySetDebugLocInThisScope5closeHv*2;_CN12cjcj:codegen33TemporarilySetDebugLocInThisScope6<init>HCNY_10IRBuilder2EPu;_CN12cjcj:codegen33TemporarilySetDebugLocInThisScope8isClosedHv*2;_CN12cjcj:codegen6CGType10IsConcreteHv;_CN12cjcj:codegen6CGType10IsStaticGIHv;_CN12cjcj:codegen6CGType11GetOrCreateHCNY_8CGModuleECN9cjcj:chir4TypeECNY_13TypeExtraInfoE;_CN12cjcj:codegen6CGType19GetOrCreateTypeInfoHv;_CN12cjcj:codegen6CGType26GetOrCreateTypeInfoPtrTypeHCNY_17LLVMContextHandleE;_CN9cjcj:chir4Type12StripAllRefsHv;_CN9cjcj:chir4Type6IsThisHv;_CN9cjcj:chir4Type9IsGenericHv;_CNac7HashMapIG_G0_E3getHG_*2;_CNac7HashMapIG_G0_E6<init>Hv;_CNac7HashMapIG_G0_E8containsHG_;_CNac7HashMapIG_G0_EixHG_;_CNac7HashMapIG_G0_EixHG_G0_*2;_CNac9ArrayListIG_E3addHG_*3;_CNac9ArrayListIG_E4sizepgHv;_CNac9ArrayListIG_E6<init>Hv;_CNac9ArrayListIG_E7isEmptyHv;_CNat21IllegalStateException6<init>HRNat6StringE*6;_CNat6StringplHRNatY0_E*2;_CNatXPG_12toUIntNativeHv*3;_CNatXPG_6isNullHv*2;_CPI12cjcj:codegen10IRBuilder210CreateLoadHPuPuRNat6StringEE4nameHPuPu;_CPI12cjcj:codegen6CGType11GetOrCreateHCNY_8CGModuleECN9cjcj:chir4TypeECNY_13TypeExtraInfoEE9extraInfoHY3_Y5_;llvm.cj.alloca.generic*12;llvm.cj.gcread.ref*6;llvm.cj.gcwrite.ref;llvm.cj.get.exception.wrapper*5;llvm.cj.get.method.outertype*2;llvm.cj.get.vtable.func*2;llvm.cj.is.subtype*3;llvm.cj.malloc.object*10;llvm.cj.memset.p0i8*6;llvm.cj.post.throw.exception*5;llvm.cj.throw.exception*21;llvm.memcpy.p0i8.p1i8.i64;rt$CreateOverflowException_msg*4	LLVMConstInt;LLVMGetParam*2;LLVMInt32TypeInContext;LLVMInt8TypeInContext;LLVMIsAGlobalVariable;LLVMPointerType*2;LLVMSelfhostGetInsertPointInstruction*2;LLVMTypeOf;_CN12cjcj:codegen10CGFunction14GetRawFunctionHv*2;_CN12cjcj:codegen10CGFunction17GetCGFunctionTypeHv;_CN12cjcj:codegen10CGFunction6IsSRetHv;_CN12cjcj:codegen10IRBuilder210CreateLoadHPuPuRNat6StringE;_CN12cjcj:codegen10IRBuilder212GetCGContextHv;_CN12cjcj:codegen10IRBuilder213CreateBitCastHPuPuRNat6StringE;_CN12cjcj:codegen10IRBuilder214GetInsertBlockHv*2;_CN12cjcj:codegen10IRBuilder214GetLLVMContextHv*3;_CN12cjcj:codegen10IRBuilder217GetInsertFunctionHv;_CN12cjcj:codegen10IRBuilder218RestoreInsertPointHPuPu*2;_CN12cjcj:codegen10IRBuilder219CreateTypeInfoArrayHCNac9ArrayListICN9cjcj:chir4TypeEECNac7HashMapIlF0PuCNY_Y0_EEE;_CN12cjcj:codegen10IRBuilder221GetTypeInfoFromObjectHPu;_CN12cjcj:codegen10IRBuilder224CallGetTypeInfoIntrinsicHCNac9ArrayListIPuE;_CN12cjcj:codegen10IRBuilder234SetInsertPointForPreparingTypeInfoHv*2;_CN12cjcj:codegen10IRBuilder235IRBuilderRuntimeTypeTemplateAndArgsHCN9cjcj:chir4TypeE;_CN12cjcj:codegen13LLVMNullValueHv;_CN12cjcj:codegen14CGFunctionType12IsMethodTypeHv;_CN12cjcj:codegen14CGFunctionType18IsStaticMethodTypeHv;_CN12cjcj:codegen14CGFunctionType28GetStaticMethodTypeInfoIndexHv;_CN12cjcj:codegen16LLVMNullMetadataHv;_CN12cjcj:codegen33TemporarilySetDebugLocInThisScope5closeHv*2;_CN12cjcj:codegen33TemporarilySetDebugLocInThisScope6<init>HCNY_10IRBuilder2EPu;_CN12cjcj:codegen33TemporarilySetDebugLocInThisScope8isClosedHv*2;_CN12cjcj:codegen6CGType10IsConcreteHv;_CN12cjcj:codegen6CGType10IsStaticGIHv;_CN12cjcj:codegen6CGType11GetOrCreateHCNY_8CGModuleECN9cjcj:chir4TypeECNY_13TypeExtraInfoE;_CN12cjcj:codegen6CGType19GetOrCreateTypeInfoHv;_CN12cjcj:codegen6CGType26GetOrCreateTypeInfoPtrTypeHCNY_17LLVMContextHandleE;_CN9cjcj:chir4Type12StripAllRefsHv;_CN9cjcj:chir4Type6IsThisHv;_CN9cjcj:chir4Type9IsGenericHv;_CNac7HashMapIG_G0_E3getHG_*2;_CNac7HashMapIG_G0_E6<init>Hv;_CNac7HashMapIG_G0_E8containsHG_;_CNac7HashMapIG_G0_EixHG_;_CNac7HashMapIG_G0_EixHG_G0_*2;_CNac9ArrayListIG_E3addHG_*3;_CNac9ArrayListIG_E4sizepgHv;_CNac9ArrayListIG_E6<init>Hv;_CNac9ArrayListIG_E7isEmptyHv;_CNat21IllegalStateException6<init>HRNat6StringE*6;_CNat6StringplHRNatY0_E*2;_CNatXPG_12toUIntNativeHv*3;_CNatXPG_6isNullHv*2;_CPI12cjcj:codegen10IRBuilder210CreateLoadHPuPuRNat6StringEE4nameHPuPu;_CPI12cjcj:codegen6CGType11GetOrCreateHCNY_8CGModuleECN9cjcj:chir4TypeECNY_13TypeExtraInfoEE9extraInfoHY3_Y5_;llvm.cj.alloca.generic*12;llvm.cj.gcread.ref*6;llvm.cj.gcwrite.ref;llvm.cj.get.exception.wrapper*5;llvm.cj.get.method.outertype*2;llvm.cj.get.vtable.func*2;llvm.cj.is.subtype*3;llvm.cj.malloc.object*10;llvm.cj.memset.p0i8*6;llvm.cj.post.throw.exception*5;llvm.cj.throw.exception*19;llvm.memcpy.p0i8.p1i8.i64;rt$CreateOverflowException_msg*2	llvm.cj.throw.exception*2;rt$CreateOverflowException_msg*2			4	0	4	3	3	0
